edad,conversacion_con_IA_horas,interaccion_social_presencial_horas,tiempo_redes_sociales_horas,tiempo_frente_pantallas_horas,total_amigos_cercanos,nivel_soledad,nivel_apego_emocional,nivel_satisfaccion_relaciones_reales,horas_sueño,nivel_calidad_sueño,horas_ejercicio,nivel_ansiedad,nivel_depresion,nivel_estres,nivel_autoestima,riesgo_dependencia
21,0.0,6.6,0.51,3.28,1,4.5,2.0,8.1,7.3,9.1,3.3,3.5,3.0,1.0,9.5,Bajo
34,2.36,2.88,3.73,8.12,5,5.9,2.3,5.4,7.5,3.5,0.9,4.6,2.4,5.2,4.7,Moderado
43,0.07,4.56,0.49,3.02,4,1.1,1.0,8.3,6.8,8.3,7.6,1.0,1.0,3.2,7.2,Bajo
29,0.44,5.66,0.88,5.28,7,3.2,1.8,6.7,9.5,8.9,7.4,2.7,1.5,2.6,9.0,Bajo
25,0.0,6.56,0.29,3.09,8,1.0,1.0,10.0,8.5,10.0,6.5,1.0,1.0,1.0,9.9,Bajo
22,0.94,5.49,2.46,5.1,4,5.4,2.0,5.5,5.8,7.1,2.6,4.1,3.5,2.3,8.5,Bajo
43,2.33,4.13,0.05,5.66,5,5.4,2.9,4.5,7.5,6.9,3.6,4.5,3.8,4.1,3.4,Bajo
35,0.76,4.82,2.44,5.59,6,3.5,1.3,7.1,7.8,8.0,6.8,4.9,1.0,3.8,7.2,Bajo
21,2.75,2.37,3.79,7.57,2,9.9,7.1,2.8,5.6,4.3,1.6,7.2,7.7,6.8,2.9,Alto
40,2.9,1.25,4.1,8.82,0,7.3,8.9,4.2,6.9,5.3,1.1,9.7,5.2,6.6,4.5,Moderado
33,4.22,1.68,4.93,9.68,1,6.6,10.0,3.3,5.1,1.2,1.1,9.2,8.3,7.3,2.0,Alto
37,2.43,4.01,2.94,5.08,2,6.2,4.7,6.8,7.5,6.1,3.5,5.8,3.6,7.1,5.2,Bajo
25,3.04,2.25,1.68,5.77,1,8.0,8.3,3.6,6.1,4.9,3.7,6.9,9.4,7.9,4.9,Alto
25,1.36,2.1,1.75,5.23,3,7.2,4.1,6.1,6.5,6.3,0.3,5.5,4.5,6.7,6.9,Alto
38,2.93,2.64,3.04,8.09,6,4.4,2.5,3.6,8.1,5.3,4.0,2.9,4.9,5.7,5.5,Moderado
35,0.0,4.47,2.23,2.82,5,3.7,5.6,8.4,8.2,6.7,3.5,2.9,3.7,2.6,6.8,Bajo
18,0.0,7.42,0.0,1.0,8,1.0,1.0,10.0,7.6,9.6,5.9,1.3,1.0,2.0,10.0,Bajo
22,3.04,4.98,3.87,10.39,4,7.5,6.9,7.3,6.9,6.5,4.4,5.7,5.3,7.7,6.2,Alto
38,4.41,2.55,3.4,9.91,1,8.3,7.5,5.2,7.9,2.2,0.7,5.5,5.2,8.8,5.0,Alto
17,0.0,4.96,1.86,5.42,4,1.9,2.0,8.8,9.3,7.7,6.1,1.0,1.0,3.2,8.4,Bajo
36,1.69,3.64,3.7,8.89,1,5.2,5.6,6.0,6.2,7.0,4.7,3.6,1.7,5.0,5.2,Bajo
35,2.56,1.86,3.77,9.06,3,5.8,7.2,5.6,7.7,5.4,3.7,6.4,6.7,6.7,6.1,Alto
16,1.47,5.18,2.7,6.23,6,5.1,4.1,3.8,8.1,5.2,5.5,2.8,6.7,5.0,7.4,Moderado
38,3.15,4.83,3.08,7.84,4,8.6,8.8,3.4,5.2,5.1,3.4,8.6,6.7,5.1,2.8,Alto
26,0.71,3.46,3.25,6.68,3,7.4,3.7,8.5,7.3,7.0,5.2,4.5,4.1,5.5,6.1,Bajo
44,0.57,3.39,2.19,4.6,7,4.4,5.1,8.1,7.8,8.1,3.3,1.8,1.0,3.5,7.1,Bajo
20,2.43,3.63,3.46,7.3,5,8.5,6.7,2.4,5.2,4.3,4.5,8.8,5.6,9.8,3.5,Alto
16,0.3,5.35,0.35,1.0,6,3.5,2.4,8.3,8.3,8.7,3.3,2.6,3.1,3.1,7.4,Bajo
42,0.69,5.13,1.29,3.89,7,2.6,3.5,6.2,9.7,8.4,5.4,3.7,1.0,4.0,8.9,Bajo
35,1.64,6.57,0.49,5.23,7,4.5,1.0,7.3,8.9,8.7,4.1,3.1,1.2,3.7,8.3,Bajo
15,0.0,3.89,2.12,5.38,5,2.4,3.4,8.7,7.9,8.8,2.8,2.7,2.3,2.2,10.0,Bajo
26,1.55,2.44,3.87,7.48,3,5.1,5.4,6.4,6.6,6.1,3.0,4.4,5.3,5.8,7.3,Moderado
40,1.84,4.4,2.9,5.86,2,3.7,7.2,8.0,7.7,7.3,4.4,3.9,2.8,4.5,7.1,Bajo
36,3.58,3.53,5.47,11.96,3,6.0,8.2,6.6,5.8,5.9,5.5,5.3,5.2,7.1,6.8,Moderado
43,0.0,5.55,0.3,2.29,6,1.0,1.0,7.9,7.8,10.0,8.8,1.5,1.0,2.9,9.7,Bajo
26,0.0,7.7,1.97,3.61,5,2.8,3.9,8.3,6.0,10.0,5.2,2.0,1.0,3.3,10.0,Bajo
39,1.19,3.63,1.37,3.1,4,5.0,5.6,4.8,7.4,7.0,1.9,4.3,4.0,4.1,5.5,Bajo
31,1.94,1.83,3.77,9.81,0,8.0,8.3,2.5,5.7,4.3,0.3,5.7,7.4,6.6,3.8,Alto
41,1.25,3.71,1.4,5.39,5,6.4,3.4,4.3,7.3,7.3,4.7,5.3,4.7,7.6,4.6,Moderado
41,0.82,5.62,2.48,6.14,6,3.8,1.4,7.8,7.5,8.0,5.8,3.6,1.0,4.1,6.7,Bajo
24,0.0,4.91,0.65,1.79,7,1.1,1.0,10.0,7.1,7.9,4.9,3.7,2.7,5.0,8.4,Bajo
42,1.16,4.57,0.0,3.24,3,2.7,2.4,8.7,7.6,6.8,3.0,3.8,1.3,2.9,8.7,Bajo
42,1.29,5.05,1.77,4.98,5,5.0,4.7,4.6,6.4,8.8,5.5,3.5,4.0,7.6,6.3,Bajo
30,0.0,7.65,1.94,4.72,8,1.0,1.0,10.0,10.0,9.9,5.0,1.0,1.0,1.0,7.5,Bajo
29,0.2,5.55,1.7,5.25,7,1.3,2.6,7.0,7.1,9.4,4.8,2.4,1.0,2.4,8.4,Bajo
44,2.55,7.23,2.53,5.64,7,2.4,1.9,6.0,7.1,6.6,5.6,2.1,2.7,4.3,6.2,Bajo
44,0.91,6.26,2.37,4.2,4,4.7,5.0,5.7,6.3,8.5,1.3,3.3,2.5,5.8,6.0,Bajo
29,1.54,2.65,2.26,6.45,4,6.3,3.3,6.6,6.0,6.0,5.5,3.5,6.5,5.7,7.5,Bajo
44,1.38,2.98,1.9,4.78,4,4.1,1.7,7.9,7.5,7.7,8.3,2.9,2.4,1.7,5.5,Bajo
33,1.7,4.24,3.25,7.77,5,7.2,6.2,5.8,5.5,5.3,3.6,6.4,6.1,5.2,3.6,Moderado
26,2.68,5.23,1.53,5.84,5,5.2,3.8,6.5,6.7,6.9,3.8,2.4,3.0,3.8,3.8,Moderado
37,0.0,4.18,2.89,3.64,5,4.4,2.8,5.6,7.6,7.4,4.5,5.3,4.1,2.7,6.2,Bajo
34,2.01,2.79,4.27,6.52,1,8.4,7.2,6.3,6.2,6.4,3.6,5.5,4.5,6.1,2.7,Moderado
39,1.98,2.56,2.87,7.33,2,7.2,6.6,5.9,4.6,6.3,2.2,4.9,3.5,3.4,3.0,Bajo
17,0.0,4.43,0.52,3.03,3,2.9,1.0,8.4,9.2,9.5,4.1,2.7,1.0,3.7,8.5,Bajo
19,0.0,5.17,1.73,4.7,3,4.6,2.5,5.6,7.3,7.3,3.5,4.2,2.9,5.8,6.4,Bajo
33,3.74,2.64,5.15,11.22,4,7.0,5.8,3.4,6.6,5.7,3.2,5.0,6.0,8.5,3.2,Alto
21,3.21,3.14,3.11,4.55,3,7.8,9.4,2.2,6.1,4.1,1.2,4.8,9.7,5.5,4.4,Alto
35,2.88,1.77,3.52,8.91,4,5.1,6.6,6.1,7.5,5.3,1.5,6.1,8.1,4.5,5.4,Moderado
23,2.49,5.26,2.08,5.11,7,1.7,5.6,7.5,8.0,8.8,3.6,4.9,3.1,5.9,7.1,Bajo
21,1.46,4.12,2.68,4.27,4,6.4,5.8,4.0,7.6,6.6,1.5,4.8,6.0,7.1,4.0,Moderado
32,0.55,1.77,2.54,3.11,2,7.9,6.0,2.8,6.7,5.5,4.0,7.7,4.2,8.0,6.8,Alto
18,2.57,4.13,1.65,4.13,3,5.3,5.9,4.6,5.7,5.3,0.0,4.8,1.7,6.6,4.4,Alto
39,1.57,3.75,3.47,7.32,3,4.8,6.6,5.7,7.2,3.9,2.0,6.6,4.5,5.7,4.8,Bajo
42,0.27,3.82,1.26,2.79,4,4.1,3.3,4.7,7.4,6.6,6.4,2.9,4.1,4.0,7.1,Moderado
28,0.22,2.57,1.63,2.33,7,1.0,1.0,10.0,7.4,8.4,5.3,1.0,2.1,3.6,8.7,Bajo
32,3.24,3.53,2.42,7.68,5,4.2,2.3,7.7,6.4,6.4,4.5,3.5,4.9,4.2,7.3,Bajo
40,0.53,5.05,2.58,4.0,5,2.2,2.0,7.9,8.0,8.7,4.6,2.7,2.2,4.0,6.9,Bajo
23,1.38,4.19,1.22,5.58,5,2.7,3.7,8.4,7.4,9.5,3.9,4.5,2.7,3.4,5.8,Bajo
40,2.57,2.2,5.01,11.04,3,6.8,7.2,3.2,5.6,5.3,3.9,7.7,8.0,7.8,1.4,Alto
35,1.39,4.45,3.31,6.48,4,5.6,7.9,4.7,7.8,4.1,2.0,5.5,7.4,8.1,6.3,Alto
16,0.03,5.79,3.4,6.81,4,1.0,2.8,7.7,8.8,10.0,4.8,1.1,1.0,1.7,8.9,Bajo
34,0.53,3.1,0.0,3.9,5,3.4,1.9,10.0,8.2,7.9,6.3,1.8,2.0,2.6,7.9,Bajo
42,0.65,4.22,4.57,7.3,5,3.6,3.6,6.1,8.4,4.9,1.5,2.8,4.0,4.3,8.9,Bajo
29,2.03,4.8,1.73,7.5,6,2.3,3.6,7.1,7.7,7.6,4.3,3.1,2.8,2.5,6.6,Bajo
42,0.5,2.83,3.04,4.92,4,6.6,4.6,8.6,6.1,7.4,2.8,4.9,3.9,6.3,5.4,Moderado
21,0.0,6.1,0.65,1.0,6,2.4,1.0,8.2,7.5,8.3,5.0,1.1,1.4,3.0,7.1,Bajo
26,2.31,1.48,1.89,4.65,2,4.3,6.1,5.0,7.0,5.8,2.1,5.5,6.6,6.6,2.6,Moderado
43,1.16,3.91,1.93,4.42,3,6.1,3.0,6.8,7.6,5.8,4.6,5.4,3.0,5.3,8.4,Bajo
22,2.23,2.9,1.79,6.56,6,4.3,4.8,4.9,7.6,7.9,6.1,4.3,1.8,2.7,8.9,Moderado
29,1.52,3.72,2.67,5.03,5,5.9,3.9,4.7,6.0,6.2,4.7,5.6,6.4,6.7,7.3,Moderado
17,0.8,5.17,3.2,5.33,6,3.8,4.8,9.5,8.0,9.1,4.0,3.3,3.3,3.7,8.0,Bajo
28,0.0,6.07,0.66,1.41,8,2.5,1.0,10.0,8.4,9.8,7.4,1.0,1.0,1.1,10.0,Bajo
31,2.38,3.77,2.72,6.45,3,4.6,4.5,6.0,7.5,5.8,5.1,3.8,4.3,6.1,5.1,Bajo
18,0.17,4.38,2.56,6.08,4,1.1,4.7,5.9,6.5,8.8,4.9,5.1,4.6,5.2,7.0,Bajo
32,0.0,5.13,0.0,2.36,7,1.8,1.1,8.3,9.4,7.5,6.7,1.0,2.1,5.8,7.2,Bajo
22,2.61,3.49,1.93,5.96,3,8.0,6.2,4.3,6.5,4.8,0.0,8.4,7.0,5.7,1.0,Alto
18,2.5,3.96,1.67,7.39,3,6.7,7.0,5.0,6.2,4.6,3.2,4.5,4.1,5.0,6.1,Alto
16,4.09,2.74,4.57,10.69,0,10.0,7.7,2.5,5.9,3.2,1.5,10.0,7.0,7.7,2.0,Alto
44,3.15,3.25,1.46,6.75,5,5.7,6.5,3.2,7.2,6.6,0.8,4.9,5.2,6.6,2.8,Alto
20,0.44,3.05,1.17,4.75,2,3.6,3.7,6.0,8.0,6.8,5.1,2.5,1.0,3.6,6.8,Bajo
36,1.16,5.85,0.23,3.05,6,3.0,3.9,9.2,6.7,8.8,6.5,1.0,1.0,2.6,9.0,Bajo
24,1.26,5.89,2.49,6.67,5,3.9,5.1,9.7,8.4,8.2,4.3,5.7,3.3,4.1,7.1,Bajo
18,2.07,7.19,2.27,7.18,3,4.2,2.7,8.4,7.2,7.9,5.8,3.9,1.0,2.6,5.2,Bajo
36,1.29,5.33,2.31,5.45,6,5.5,5.7,7.5,6.9,8.1,5.4,5.5,5.4,7.0,4.3,Moderado
43,0.17,5.2,0.0,1.0,2,1.3,1.0,9.0,6.1,10.0,7.9,1.0,2.5,1.5,10.0,Bajo
32,0.91,3.48,2.91,5.83,3,5.2,5.5,5.1,6.1,4.3,5.0,4.7,3.6,5.4,4.8,Moderado
40,3.93,3.63,2.92,9.99,5,6.8,6.4,6.1,6.5,7.8,5.9,5.6,4.5,2.3,7.1,Alto
26,2.83,3.01,3.84,9.49,2,8.5,5.7,4.9,7.0,6.1,2.6,4.1,7.3,3.9,7.2,Alto
16,0.0,5.15,3.11,6.82,6,4.6,1.9,10.0,7.3,8.9,4.8,2.0,1.0,2.3,7.6,Bajo
24,1.61,5.01,3.87,6.99,3,6.4,3.9,7.0,5.4,5.8,0.0,3.5,5.3,5.1,6.0,Moderado
44,2.99,0.98,3.96,9.73,4,5.8,8.1,2.9,6.3,2.4,0.8,7.2,9.6,8.1,1.2,Alto
18,1.85,3.94,1.35,4.2,11,1.0,3.3,5.6,7.4,8.4,6.9,1.0,1.0,1.7,6.9,Bajo
28,1.06,6.2,0.87,4.14,6,2.4,3.2,7.7,7.0,8.5,4.2,1.0,1.0,4.0,8.4,Bajo
30,2.07,4.67,4.57,9.74,4,6.5,4.8,3.1,6.6,7.6,3.7,4.9,6.2,7.0,4.4,Moderado
29,0.0,4.41,1.7,4.6,4,2.8,3.4,8.0,6.1,7.4,5.5,3.3,4.6,4.2,8.4,Bajo
22,2.15,5.91,2.9,7.15,5,4.7,2.7,5.1,7.7,5.0,6.1,3.4,2.7,5.8,7.6,Alto
28,4.09,3.35,3.39,9.21,1,6.6,8.0,4.7,5.8,2.4,0.0,8.6,10.0,6.1,3.9,Alto
37,0.93,4.69,0.39,2.32,6,5.0,1.0,8.6,7.4,10.0,5.6,4.6,2.3,4.2,8.1,Bajo
42,3.44,0.0,3.64,8.86,0,10.0,8.0,3.8,6.8,3.2,2.7,7.2,4.9,9.7,3.3,Alto
39,0.82,2.7,1.86,3.37,3,2.7,2.5,8.1,6.8,8.7,3.1,2.1,5.2,6.1,6.0,Bajo
44,1.39,4.58,1.57,4.62,7,1.0,1.3,8.8,8.0,8.5,6.8,3.4,1.1,5.4,7.0,Bajo
22,3.71,4.1,2.37,6.27,3,6.2,6.0,5.5,6.5,4.2,1.2,3.9,5.8,6.3,6.5,Moderado
35,2.15,4.64,2.63,5.47,6,6.8,5.8,7.6,9.8,8.7,5.5,3.6,2.2,4.5,6.7,Moderado
30,2.29,3.52,3.69,8.84,5,5.0,5.5,5.8,7.4,8.1,0.8,2.5,3.1,2.0,5.0,Bajo
27,0.69,4.61,0.06,3.49,6,3.6,1.0,8.3,6.5,7.7,3.6,4.1,1.0,2.2,7.5,Bajo
32,0.53,3.86,0.48,2.73,3,4.7,5.6,4.4,8.5,7.5,3.7,5.4,2.3,4.5,4.1,Bajo
29,0.0,6.06,1.68,3.74,7,1.0,1.0,10.0,9.4,10.0,6.8,2.3,1.0,1.1,9.4,Bajo
35,2.7,3.92,1.26,6.16,5,6.6,4.4,8.5,6.9,6.6,0.9,4.4,5.1,4.4,6.2,Bajo
38,4.21,2.54,3.42,10.08,2,8.3,6.6,4.5,5.7,6.3,4.0,6.1,6.1,7.6,3.8,Alto
40,0.05,4.27,1.34,3.74,8,1.8,1.0,9.4,7.0,7.9,7.2,1.0,1.0,2.2,9.5,Bajo
39,1.25,4.24,2.03,3.95,4,2.1,3.8,7.2,7.7,6.8,7.3,2.1,1.6,4.4,5.7,Bajo
42,1.24,4.94,1.55,2.34,4,5.6,2.9,7.7,7.0,8.1,6.1,4.5,2.6,4.5,6.4,Bajo
42,0.0,6.65,1.06,2.04,4,1.0,1.0,9.3,7.3,9.6,4.7,5.5,1.0,1.9,10.0,Bajo
42,0.0,5.43,2.97,4.81,7,1.0,1.0,9.6,9.1,8.7,4.9,1.0,1.0,2.8,10.0,Bajo
27,0.0,5.5,3.1,6.06,7,2.2,1.1,9.0,9.2,9.7,4.8,2.8,3.4,1.5,8.9,Bajo
23,0.34,4.83,1.56,4.14,3,4.3,2.5,7.2,6.7,5.6,7.6,3.8,4.2,4.2,6.3,Bajo
43,3.69,2.59,4.7,10.92,3,8.6,9.7,3.7,6.9,2.9,2.7,7.3,6.9,7.3,5.3,Alto
29,0.54,3.92,1.48,3.13,6,1.0,1.0,9.2,8.3,8.9,6.0,2.7,3.6,1.0,7.9,Bajo
27,3.86,4.69,2.77,8.57,4,5.1,6.1,5.9,7.1,8.2,5.7,3.7,4.3,4.9,6.7,Alto
15,2.0,4.51,1.81,5.87,3,4.1,5.8,4.9,6.1,9.2,2.0,4.4,7.3,6.2,4.9,Moderado
39,2.84,2.39,4.62,8.7,2,10.0,8.9,3.3,5.6,4.1,2.8,9.3,9.2,7.3,2.2,Alto
21,1.98,3.41,2.76,5.68,5,6.6,5.4,5.9,5.6,5.2,4.1,6.3,4.8,3.8,4.5,Moderado
23,2.21,1.53,2.75,6.73,3,7.1,5.4,6.6,5.5,5.6,4.7,6.1,6.3,5.0,4.7,Alto
38,2.53,4.01,2.43,7.62,2,7.5,3.8,5.0,7.0,5.6,4.4,6.5,5.2,4.6,5.8,Alto
15,0.68,6.5,2.58,4.35,3,5.4,2.5,7.1,7.2,9.9,5.0,3.4,1.0,4.0,6.2,Bajo
26,1.05,3.52,1.16,4.0,6,5.9,3.5,7.0,6.6,6.1,2.6,4.7,2.8,4.2,6.4,Moderado
22,3.57,4.12,2.86,9.78,1,7.8,7.1,2.3,5.1,5.9,1.8,7.6,4.6,5.0,4.1,Alto
38,0.0,7.39,1.23,2.71,6,1.0,1.0,10.0,7.1,8.5,7.7,1.0,1.0,1.0,10.0,Bajo
25,0.0,3.61,1.67,3.68,3,2.9,1.4,4.7,5.7,7.2,7.6,3.6,3.5,3.0,5.3,Bajo
33,0.0,5.07,1.05,2.95,6,3.0,1.0,10.0,8.0,8.9,3.8,1.8,1.0,2.8,7.6,Bajo
31,1.87,2.35,3.77,7.45,7,6.4,4.3,7.0,4.5,6.6,1.8,4.1,4.8,4.6,3.5,Bajo
22,1.39,4.4,3.39,8.45,5,3.2,4.3,3.0,7.7,7.3,2.1,3.6,3.4,4.7,6.0,Bajo
17,2.02,3.76,1.0,5.33,2,7.2,6.1,6.4,7.0,5.6,2.1,5.6,6.3,6.4,4.3,Moderado
17,1.54,2.8,2.26,4.23,3,6.0,3.5,7.6,7.0,6.7,5.6,2.2,3.9,5.5,6.8,Moderado
15,0.0,6.09,0.0,3.53,4,1.0,1.0,8.7,8.1,7.5,7.8,2.3,1.0,1.0,6.2,Bajo
41,0.0,6.29,0.61,2.89,5,1.9,1.0,7.5,7.8,9.9,2.7,2.6,1.8,2.1,9.6,Bajo
19,2.03,4.66,2.49,6.15,2,4.9,4.1,4.9,7.2,7.5,2.2,5.1,4.2,6.3,5.4,Alto
24,0.55,5.3,1.37,5.28,6,3.3,3.3,6.6,7.7,9.5,2.8,4.0,1.0,2.9,7.1,Bajo
21,0.93,3.36,0.94,3.1,5,2.7,1.6,8.8,8.5,9.7,3.3,3.2,2.5,3.1,8.2,Bajo
40,0.38,2.85,2.36,6.46,3,4.9,6.7,3.5,7.7,5.3,2.5,5.8,5.4,6.0,5.8,Alto
23,1.57,3.52,3.99,7.65,3,5.8,5.4,5.7,7.8,6.8,2.5,7.2,5.8,5.7,3.8,Moderado
42,2.92,3.48,5.83,11.76,0,7.9,7.2,2.2,5.0,3.3,2.6,6.8,7.8,8.2,1.8,Alto
21,1.26,4.35,0.12,6.45,3,4.7,6.0,6.7,7.9,5.3,1.5,2.6,1.0,3.8,6.2,Bajo
23,1.68,5.13,1.53,5.4,3,4.0,4.5,5.2,7.9,8.8,4.0,3.8,1.0,1.5,6.4,Moderado
22,1.95,2.61,3.65,7.5,2,6.3,4.8,3.7,6.1,6.6,5.5,5.8,3.7,7.1,3.5,Moderado
26,1.45,3.46,1.91,4.29,5,2.1,2.8,8.8,6.6,7.5,6.8,4.5,2.9,4.7,7.0,Bajo
16,1.33,3.3,0.86,4.07,8,2.5,1.0,6.9,7.0,7.4,7.1,1.4,4.2,4.3,6.2,Bajo
15,1.35,3.8,1.82,4.13,3,3.8,2.1,6.8,6.2,7.4,4.8,4.0,1.7,4.5,6.5,Bajo
30,4.11,4.24,4.45,10.38,1,8.7,7.1,5.0,4.6,3.1,1.0,6.4,6.7,7.4,4.9,Alto
37,2.61,2.82,2.9,10.4,3,6.1,6.1,4.4,7.0,5.8,3.4,6.9,5.4,5.2,4.5,Alto
37,2.44,3.47,3.26,7.82,2,7.2,6.3,4.1,6.5,3.9,6.8,7.7,4.6,4.1,3.6,Alto
44,3.9,2.79,4.09,9.44,2,9.7,8.8,4.4,5.9,2.6,1.3,8.3,7.5,9.7,2.6,Alto
38,3.83,1.92,2.88,8.5,2,5.8,7.5,4.2,7.2,3.3,5.7,5.6,6.7,6.6,4.4,Alto
19,0.41,4.81,2.19,4.18,5,1.4,2.1,8.7,7.6,10.0,1.7,1.3,1.0,1.1,8.0,Bajo
17,2.83,3.65,2.91,8.79,2,7.1,5.3,5.5,7.1,5.0,3.8,5.8,6.3,5.3,3.6,Moderado
26,2.12,3.31,2.51,6.54,3,7.1,7.3,4.0,5.6,6.1,3.8,5.5,6.0,7.1,2.1,Alto
22,3.48,1.29,5.38,12.47,5,7.3,6.8,5.7,5.9,4.0,3.8,5.6,4.0,6.4,5.5,Alto
36,0.12,4.81,2.23,4.03,5,4.6,3.5,6.2,7.1,6.6,4.9,3.2,3.4,3.8,5.3,Bajo
41,0.85,2.85,0.45,3.04,3,8.3,3.6,6.2,8.5,6.2,4.1,3.9,5.7,4.6,6.7,Moderado
17,1.77,3.5,3.73,6.61,5,3.1,5.9,6.6,8.2,8.3,4.9,4.9,5.7,4.3,5.6,Bajo
15,0.0,5.48,2.77,4.39,7,3.9,2.3,7.7,8.7,7.5,4.7,3.1,3.9,1.0,7.2,Bajo
17,1.42,6.33,2.23,3.92,5,3.6,1.0,7.6,6.3,7.3,4.5,5.1,1.8,3.2,6.8,Bajo
19,1.07,3.03,3.84,4.77,3,4.9,8.7,1.4,6.6,4.3,1.1,5.4,4.7,5.6,4.8,Moderado
29,1.09,6.18,3.75,7.47,5,1.0,1.8,9.4,8.4,8.0,6.2,1.0,2.1,5.3,6.7,Bajo
28,1.1,3.45,0.73,2.08,6,1.9,5.5,6.0,9.4,6.7,6.9,3.9,1.6,3.1,6.7,Bajo
17,2.57,3.3,3.39,8.37,3,8.1,6.8,3.1,5.0,3.4,5.7,7.1,7.0,6.6,5.3,Alto
15,0.0,3.31,4.6,6.1,2,6.6,4.6,5.2,7.6,6.6,2.6,6.1,4.4,7.1,4.5,Moderado
19,0.87,3.65,5.26,9.07,4,6.1,6.1,2.5,7.6,6.3,0.7,7.4,5.3,4.7,5.6,Moderado
40,0.09,5.06,0.9,1.28,8,1.9,1.0,9.1,8.3,7.3,6.0,3.8,2.2,2.2,9.3,Bajo
37,2.03,2.05,5.06,9.69,6,5.2,5.9,5.4,5.4,4.7,1.6,4.4,5.3,5.3,5.8,Moderado
28,1.22,3.84,2.64,6.2,4,3.3,5.3,6.7,7.7,7.6,5.6,5.0,3.0,1.9,7.5,Bajo
21,0.12,3.48,2.98,5.46,4,2.2,1.0,7.2,8.1,10.0,1.9,2.1,2.2,3.0,5.8,Bajo
41,0.72,3.25,2.76,6.61,8,5.9,3.9,6.1,7.5,4.0,6.2,4.4,2.8,5.5,5.5,Bajo
23,1.33,2.98,4.17,7.57,4,6.5,6.9,4.1,5.4,4.6,2.6,7.5,5.8,8.3,1.8,Alto
29,1.68,4.15,4.34,5.58,5,4.7,3.4,4.7,6.5,8.0,1.6,2.6,5.3,5.8,6.2,Moderado
29,3.84,1.81,4.17,10.46,0,10.0,10.0,1.1,5.9,1.7,1.8,10.0,7.5,8.0,1.9,Alto
40,0.0,8.08,2.34,4.66,6,1.4,1.0,8.1,7.8,9.8,6.6,1.0,1.7,1.0,8.5,Bajo
24,0.0,5.4,3.01,4.77,5,1.0,1.7,10.0,7.5,9.7,6.6,3.6,1.2,5.1,8.7,Bajo
42,1.99,3.18,5.19,8.33,5,6.1,7.8,2.9,5.9,4.1,3.6,6.2,6.1,7.5,4.3,Alto
27,4.73,2.29,4.0,10.37,0,8.8,10.0,3.6,6.0,5.7,0.0,6.4,8.0,5.7,1.8,Alto
33,1.01,7.71,1.88,6.35,8,3.3,1.3,9.4,8.5,8.2,4.3,2.0,3.1,6.6,6.7,Bajo
21,2.24,0.91,1.29,4.61,4,6.6,2.8,7.5,5.9,7.4,3.8,6.4,6.2,5.0,7.3,Moderado
31,2.25,2.5,2.76,5.27,1,7.2,8.2,3.2,5.3,5.8,2.7,4.0,3.9,2.7,3.5,Moderado
34,0.0,4.91,2.89,3.42,6,3.9,3.5,6.9,6.8,7.7,3.7,5.1,3.4,6.4,6.8,Bajo
43,3.38,3.08,1.22,6.56,5,4.7,5.4,7.2,5.3,5.3,5.4,7.0,6.0,2.5,7.2,Moderado
18,1.85,4.55,2.21,7.74,2,3.5,6.6,6.9,7.5,6.7,1.4,4.3,4.9,5.4,4.6,Bajo
44,0.0,5.57,2.96,7.17,6,1.9,1.5,10.0,6.2,9.1,5.3,1.1,1.5,3.5,7.5,Bajo
19,0.76,5.24,2.0,5.42,7,2.6,6.3,4.4,7.9,6.3,4.1,3.9,5.1,5.2,6.4,Bajo
37,0.0,2.85,3.55,4.56,3,6.1,4.7,6.9,8.0,7.6,3.8,3.2,3.8,6.9,6.1,Bajo
21,2.55,4.06,3.17,6.84,6,5.9,3.9,4.8,7.2,3.9,2.4,7.9,1.3,6.4,5.0,Alto
27,0.0,6.37,0.46,3.34,5,1.9,1.0,10.0,6.5,10.0,9.3,1.8,1.0,4.3,10.0,Bajo
29,2.92,3.3,3.1,9.35,0,5.1,6.7,5.3,6.6,2.5,4.6,4.5,8.0,6.2,5.2,Moderado
25,2.29,4.01,2.8,6.44,4,5.1,2.1,6.5,6.2,6.1,7.2,3.8,4.6,4.7,4.8,Bajo
43,0.4,6.36,0.0,3.82,3,2.2,2.4,8.0,6.7,9.5,6.2,2.6,1.0,2.8,6.4,Bajo
18,4.21,0.34,5.25,11.23,1,9.1,10.0,4.1,6.3,1.8,3.0,6.5,9.4,9.7,2.5,Alto
27,2.13,4.51,2.04,6.88,5,4.9,3.6,7.4,7.9,7.6,4.4,2.0,4.3,3.6,7.2,Bajo
21,0.5,3.1,3.2,6.85,3,3.8,4.1,7.0,8.4,7.4,6.7,4.3,3.6,5.5,8.7,Bajo
41,2.47,4.05,3.53,6.51,6,5.8,7.1,3.5,6.3,5.7,4.1,7.0,6.0,5.1,4.9,Alto
33,3.77,1.09,4.22,10.44,1,10.0,9.8,2.7,5.8,2.7,1.5,9.4,6.7,7.2,2.1,Alto
36,0.91,0.78,3.38,7.72,4,5.1,7.5,7.2,8.0,4.7,6.0,5.8,5.0,7.6,3.5,Moderado
42,2.8,3.87,3.53,7.77,4,5.9,6.5,2.5,8.3,3.1,1.1,5.8,5.7,6.9,4.9,Moderado
16,1.2,4.83,2.97,5.12,8,2.8,1.0,9.0,8.7,8.2,4.1,2.6,3.2,1.0,9.1,Bajo
24,2.71,4.26,2.65,7.86,2,6.3,6.1,6.9,6.6,7.4,8.1,5.9,3.5,4.1,3.7,Moderado
27,2.29,6.01,2.26,6.68,2,2.7,2.9,9.3,7.4,6.9,5.6,1.9,2.9,1.0,7.1,Bajo
44,1.0,3.6,1.94,4.61,6,8.7,5.1,5.5,6.3,4.7,0.0,5.0,7.2,5.7,3.4,Alto
39,3.84,3.29,3.25,9.09,4,5.1,6.8,4.4,7.1,7.0,4.6,5.6,8.7,6.0,2.9,Alto
35,3.77,2.16,5.59,9.69,2,10.0,8.6,3.3,5.1,3.4,0.5,7.5,6.4,7.2,4.9,Alto
20,0.0,5.23,0.77,3.17,7,1.7,1.0,10.0,8.8,10.0,5.7,1.0,1.0,2.8,10.0,Bajo
42,0.36,4.48,0.79,4.75,4,1.9,1.4,8.8,7.7,8.3,8.6,3.2,1.0,4.4,6.5,Bajo
42,2.77,4.54,2.83,6.88,3,5.9,8.2,1.4,6.4,4.0,4.9,7.9,6.7,10.0,3.3,Alto
26,0.0,5.17,0.36,1.53,4,2.8,1.0,8.2,7.1,9.8,8.7,1.0,1.0,3.3,8.3,Bajo
26,3.17,2.96,4.31,9.65,4,6.3,6.6,5.0,6.7,6.2,2.1,4.2,7.2,7.0,3.1,Alto
34,3.39,4.01,4.51,12.74,4,6.3,7.7,5.3,7.8,5.5,2.2,6.0,5.0,7.3,3.2,Alto
44,0.57,2.49,0.0,3.67,5,7.1,5.6,6.0,6.6,7.8,4.4,5.5,2.4,4.6,7.0,Moderado
44,0.0,6.18,1.0,2.9,6,1.0,3.6,7.8,8.2,6.6,7.0,1.0,2.8,1.8,8.0,Bajo
25,1.67,2.54,2.53,6.24,4,3.9,4.5,6.0,5.4,5.3,3.6,4.2,3.0,4.5,6.8,Bajo
40,3.82,2.79,3.0,10.02,4,7.5,7.5,2.6,6.2,3.3,5.1,7.6,7.3,7.3,2.6,Alto
37,2.71,2.28,3.65,7.45,3,5.0,10.0,2.5,6.1,2.8,2.9,8.0,7.6,7.5,1.7,Alto
42,0.82,4.38,4.04,7.47,6,5.6,6.3,5.0,7.0,5.3,6.0,6.8,3.5,6.1,7.0,Moderado
39,0.75,4.06,1.93,3.57,3,1.8,2.4,7.4,8.3,9.3,4.0,3.4,1.0,3.7,5.3,Bajo
21,5.25,1.55,3.74,11.91,3,9.8,9.0,1.0,5.5,3.5,1.3,9.2,9.0,7.3,4.8,Alto
44,2.17,3.76,3.13,7.01,2,7.9,6.5,4.7,7.5,4.9,3.4,6.0,6.5,5.5,5.6,Alto
15,0.0,4.49,1.36,3.56,5,3.3,2.5,8.7,6.8,7.9,4.4,4.4,2.1,3.7,8.0,Bajo
15,2.18,4.38,3.12,6.95,6,6.0,5.2,7.3,8.1,5.4,5.2,5.3,4.6,4.5,4.8,Moderado
39,2.39,3.88,1.37,6.46,2,5.8,4.0,6.5,7.0,5.7,5.2,2.7,5.0,5.0,5.0,Bajo
41,0.38,4.25,1.19,3.4,8,2.8,3.0,8.3,7.4,9.3,4.4,6.2,3.1,3.3,7.5,Bajo
44,3.57,3.3,3.88,11.61,5,5.0,7.4,5.7,5.5,3.8,4.6,5.3,6.2,8.5,5.6,Moderado
39,3.66,2.79,3.53,10.61,3,9.0,6.2,1.5,5.2,6.0,5.7,7.3,6.3,5.4,2.7,Alto
34,0.81,4.11,1.35,2.86,3,5.2,3.5,7.0,7.5,9.8,5.9,2.6,3.9,3.5,6.6,Bajo
27,1.8,3.4,2.9,6.89,2,7.9,6.3,3.7,5.5,5.8,3.5,9.6,7.4,6.4,4.0,Alto
23,0.27,5.56,1.47,4.47,6,1.9,1.7,10.0,9.1,8.5,8.0,1.0,1.2,1.5,9.0,Bajo
17,5.34,0.99,4.2,11.08,0,9.8,10.0,2.3,5.7,1.9,3.9,8.5,10.0,10.0,4.5,Alto
21,1.33,4.85,3.07,7.61,6,5.3,3.1,5.7,5.7,7.6,6.2,2.8,4.1,4.8,5.7,Moderado
20,3.18,2.4,2.95,9.22,2,8.1,4.7,6.4,6.9,4.3,2.6,7.1,5.6,5.2,1.8,Alto
22,1.66,3.22,1.59,5.17,3,3.0,6.1,6.7,6.7,5.5,5.1,4.6,4.0,7.1,4.4,Bajo
41,0.85,2.42,1.92,5.75,5,4.3,1.0,8.1,7.5,7.9,4.5,1.0,3.0,3.9,8.4,Bajo
23,0.63,3.0,2.37,2.59,4,5.9,5.4,6.7,8.0,5.2,4.0,4.3,3.8,5.4,5.2,Bajo
44,0.0,5.26,1.28,4.63,8,1.0,1.0,9.9,7.1,9.8,7.0,1.0,2.7,2.5,8.4,Bajo
19,3.04,2.7,4.07,10.0,2,8.0,7.0,4.6,5.5,3.8,1.0,5.6,5.5,4.7,6.4,Alto
15,2.5,3.06,2.34,5.75,5,2.8,5.5,2.8,7.2,7.0,4.3,2.7,3.3,5.3,5.8,Moderado
33,0.86,5.19,2.66,5.77,3,5.0,3.4,5.2,5.6,5.8,3.2,4.5,4.0,5.7,5.6,Bajo
24,1.88,2.4,2.86,4.72,3,6.7,5.3,3.8,5.9,5.2,1.3,4.5,7.4,5.5,1.2,Moderado
26,2.47,3.26,3.17,6.87,2,4.7,5.3,6.5,7.9,5.9,5.1,5.6,3.1,5.4,6.7,Moderado
38,1.72,3.49,3.34,8.15,5,6.4,5.1,2.6,6.5,5.9,2.9,5.0,4.3,6.7,4.9,Alto
29,2.8,1.84,2.84,7.62,5,7.8,8.1,3.4,5.1,5.8,3.2,7.5,5.8,4.9,5.7,Alto
41,0.73,6.17,1.24,3.9,6,1.6,2.2,6.3,7.6,7.8,4.3,3.4,2.1,2.8,5.7,Bajo
36,0.0,5.72,1.93,3.98,6,4.4,2.9,7.8,7.2,7.2,4.1,2.9,1.0,1.0,7.1,Bajo
38,0.0,4.73,1.94,3.87,7,1.0,1.0,10.0,7.6,8.9,6.2,2.6,1.0,2.3,9.6,Bajo
23,1.73,4.88,3.52,8.25,1,6.5,4.8,4.9,10.0,9.1,1.8,3.8,4.5,7.5,7.3,Moderado
34,2.38,4.72,2.01,5.77,1,6.8,4.7,4.3,7.2,6.8,3.3,4.1,5.8,4.9,5.5,Bajo
31,0.0,4.31,0.34,2.76,7,1.6,1.1,7.8,7.7,8.6,8.6,2.5,1.0,2.5,7.7,Bajo
44,5.06,1.27,3.23,9.14,2,8.0,4.8,2.7,6.8,3.3,0.5,5.8,6.9,8.6,4.9,Alto
31,1.36,4.29,1.08,5.18,3,3.2,1.6,7.6,7.3,6.3,7.1,1.9,2.5,3.9,7.2,Bajo
40,0.0,4.9,0.0,1.68,5,2.3,1.0,10.0,8.0,10.0,9.7,1.0,1.0,1.0,10.0,Bajo
34,3.55,1.58,4.78,10.29,3,6.9,8.0,1.7,6.2,3.0,1.0,8.9,8.2,9.4,4.1,Alto
26,0.35,5.77,0.07,2.05,8,1.0,1.3,10.0,8.8,10.0,6.9,1.0,1.0,1.9,10.0,Bajo
44,3.44,3.44,3.93,9.13,0,5.2,6.0,2.5,7.2,5.8,0.9,5.6,6.7,6.4,4.6,Alto
21,1.45,3.29,2.91,5.35,3,6.7,7.9,5.8,7.8,6.8,1.0,4.4,6.3,6.0,7.7,Moderado
16,2.67,3.5,2.8,7.8,4,5.0,4.2,4.7,7.8,6.8,3.9,4.7,7.6,6.3,5.3,Moderado
17,1.81,4.09,1.29,5.66,4,3.2,1.9,5.9,8.1,7.2,5.2,3.3,1.7,3.4,7.3,Bajo
31,3.45,2.14,2.97,7.09,5,7.9,3.4,6.7,7.5,5.6,2.5,6.5,4.0,7.7,4.3,Alto
19,2.54,3.44,2.68,6.62,2,6.3,7.7,4.0,7.3,4.6,1.0,5.0,8.2,8.3,4.4,Alto
31,0.0,5.65,1.49,3.52,3,2.6,2.2,8.0,8.3,8.0,4.0,1.8,2.7,3.3,8.2,Bajo
38,2.02,2.31,4.93,8.35,2,6.6,7.5,3.7,4.9,2.8,4.2,8.2,6.1,6.7,5.4,Alto
31,2.96,1.87,3.95,8.69,5,6.6,6.9,3.4,6.8,2.2,4.2,7.6,5.4,5.6,4.8,Alto
41,2.47,5.23,3.08,9.17,3,9.0,5.2,5.2,8.0,6.9,4.6,4.3,4.3,4.7,4.8,Alto
31,0.39,4.84,0.64,2.01,3,1.7,3.6,2.9,6.7,7.3,4.1,3.4,2.6,2.7,7.3,Bajo
16,2.6,3.37,4.0,6.29,4,7.8,9.3,1.7,6.0,6.0,1.3,8.7,4.2,6.3,3.4,Alto
16,0.52,3.88,3.67,5.59,4,9.0,5.2,5.5,6.6,5.1,5.4,4.1,6.2,5.9,5.7,Moderado
42,1.39,3.92,1.75,4.81,6,4.1,4.5,9.6,7.9,8.3,7.7,1.0,1.0,1.4,7.3,Bajo
36,0.0,5.9,2.35,3.86,5,4.2,4.6,8.5,6.8,8.3,3.7,3.1,2.2,5.2,5.0,Bajo
37,2.86,2.7,3.18,8.31,2,5.4,6.9,3.1,6.5,6.9,2.8,6.0,5.2,5.3,3.1,Alto
19,1.84,4.7,3.26,6.08,3,6.8,5.4,6.0,7.4,5.9,1.7,3.8,6.8,5.7,4.4,Moderado
15,2.95,4.26,4.98,8.76,3,8.5,3.3,1.0,4.4,3.3,3.5,7.8,6.2,7.8,3.3,Alto
15,1.11,4.46,2.49,4.93,3,2.4,3.4,6.2,7.3,8.6,7.5,4.1,3.7,6.0,5.6,Bajo
33,0.0,3.92,0.53,1.87,8,2.4,1.3,9.1,7.4,8.0,6.6,1.8,1.0,4.6,7.9,Bajo
44,4.09,0.0,3.8,12.01,3,8.4,10.0,1.6,3.9,2.0,4.7,8.2,9.6,10.0,1.4,Alto
16,0.09,5.81,1.55,5.19,5,1.0,1.0,8.9,8.7,9.0,5.4,1.0,4.0,3.1,9.8,Bajo
35,1.86,4.8,1.04,3.23,7,2.4,3.3,7.0,7.6,6.5,2.6,4.5,3.5,4.4,7.4,Bajo
26,1.53,3.11,2.98,4.58,4,5.7,5.1,7.1,7.0,6.9,5.9,4.5,4.2,4.9,5.1,Moderado
40,1.53,3.05,3.14,6.59,5,7.9,5.3,3.7,6.9,3.1,3.1,5.0,3.6,6.5,5.6,Alto
20,1.72,3.72,2.07,7.7,3,6.0,5.4,4.8,6.8,5.5,1.9,6.9,6.2,8.1,3.7,Alto
37,5.99,2.45,5.64,14.3,0,10.0,10.0,3.4,4.7,2.6,4.0,8.8,7.7,8.7,2.8,Alto
18,0.77,3.9,3.09,5.83,4,6.0,1.7,5.9,7.7,6.0,3.2,2.6,2.8,4.8,6.4,Moderado
37,0.29,4.91,0.27,2.1,2,2.9,2.8,5.6,8.4,10.0,3.4,4.8,3.3,5.3,7.2,Bajo
25,2.35,4.06,2.76,8.19,6,4.2,2.9,8.2,6.2,8.0,5.2,4.8,3.0,4.3,7.8,Bajo
38,0.66,4.39,2.52,5.36,3,4.8,5.3,8.0,8.0,6.5,2.4,3.9,3.2,3.5,7.3,Bajo
41,1.28,3.56,3.27,8.28,6,4.8,4.8,3.3,6.8,6.5,5.6,4.1,4.8,6.2,4.8,Bajo
31,0.86,4.56,1.68,2.85,8,1.1,1.0,7.8,8.2,9.3,3.5,2.2,1.1,2.3,8.3,Bajo
20,3.89,2.68,4.71,11.02,2,6.4,5.9,4.4,6.6,5.2,3.4,5.7,4.1,6.8,4.9,Moderado
38,1.47,3.75,2.74,5.65,2,6.6,5.9,7.0,6.6,7.5,4.0,4.9,5.3,5.9,6.5,Moderado
19,0.97,4.54,0.96,4.35,7,3.8,1.1,8.5,8.4,9.5,5.9,1.3,2.3,3.2,9.1,Bajo
34,2.53,2.48,2.49,7.28,2,8.3,7.0,4.3,6.0,5.1,0.9,6.3,5.3,3.7,4.9,Alto
16,0.0,6.7,0.75,3.26,7,3.6,2.5,7.9,8.5,8.3,4.7,2.1,1.5,4.6,7.0,Bajo
20,0.16,6.2,0.29,3.43,5,4.1,2.7,7.8,8.9,10.0,7.5,2.4,1.0,2.9,8.0,Bajo
36,0.69,2.95,2.81,6.88,6,5.7,5.2,7.5,6.4,5.1,3.6,4.6,5.0,5.9,5.5,Bajo
25,0.0,6.8,0.47,4.42,6,1.0,1.0,8.5,8.1,8.4,4.4,1.0,2.6,2.6,7.4,Bajo
30,4.79,3.98,3.42,10.22,4,8.1,5.9,4.2,6.3,5.1,2.6,5.6,6.4,6.4,6.4,Alto
30,0.0,7.02,0.0,1.46,10,1.0,1.0,10.0,9.3,10.0,5.5,1.0,1.0,1.0,10.0,Bajo
15,0.08,4.42,0.61,1.47,6,4.3,3.8,6.3,8.9,5.4,2.0,1.0,2.7,2.8,8.3,Bajo
23,4.39,1.45,3.2,10.03,3,7.0,10.0,5.1,4.4,1.4,1.8,8.3,6.3,7.6,2.6,Alto
42,0.0,4.98,3.98,6.82,3,2.5,2.5,7.4,6.2,7.3,5.0,1.7,3.0,4.0,7.0,Bajo
41,0.22,3.72,1.82,2.7,4,2.9,3.3,8.1,7.3,10.0,5.7,2.9,1.6,3.6,7.8,Bajo
20,3.09,3.7,3.71,9.95,2,8.0,8.8,2.2,6.3,4.2,3.2,3.7,6.5,8.3,2.6,Alto
30,0.54,6.25,1.63,4.07,4,5.4,3.8,8.5,6.7,6.5,5.9,3.6,3.6,3.3,8.1,Bajo
43,1.46,3.12,4.82,7.02,4,5.3,6.5,5.5,6.6,6.1,3.0,5.1,6.6,5.1,5.1,Moderado
17,2.78,3.85,2.06,5.99,1,8.7,6.1,4.9,5.5,6.4,5.8,6.2,7.1,7.7,2.8,Alto
34,2.01,3.06,2.92,5.98,2,4.6,7.8,7.5,6.3,4.9,2.2,5.6,5.5,8.1,6.2,Moderado
42,0.86,4.88,0.0,1.93,8,4.4,1.8,8.2,9.2,9.6,5.3,1.0,1.0,1.1,10.0,Bajo
41,0.0,5.76,0.0,2.57,3,1.8,3.3,7.0,7.1,7.8,7.2,3.4,2.9,3.8,9.6,Bajo
18,3.92,2.59,4.48,11.26,0,10.0,10.0,1.0,4.8,2.3,0.2,10.0,10.0,10.0,1.0,Alto
33,1.0,6.5,2.42,7.12,5,5.0,3.4,6.9,7.5,6.8,4.4,3.7,2.7,4.8,7.2,Bajo
40,6.3,1.05,4.69,12.29,2,10.0,9.5,1.0,5.9,1.9,1.0,10.0,10.0,10.0,1.0,Alto
17,4.16,2.98,4.6,11.11,2,7.7,9.5,3.4,5.8,4.4,3.7,8.0,7.0,7.9,3.6,Alto
33,2.42,3.74,3.13,6.9,1,4.9,6.9,7.1,6.1,6.4,3.6,5.4,4.7,2.7,7.1,Moderado
34,1.66,5.08,2.66,6.33,5,7.2,5.5,6.0,7.3,4.0,2.3,6.0,3.7,5.8,6.0,Alto
21,1.44,4.94,3.3,5.26,4,5.2,2.2,6.9,8.1,5.6,3.9,5.1,3.1,4.7,7.5,Bajo
34,2.05,4.9,1.82,4.74,6,6.0,4.8,4.8,8.1,5.8,4.9,3.8,3.4,6.2,4.9,Alto
23,0.4,3.62,2.19,5.39,4,4.9,3.8,8.5,7.5,8.1,4.4,3.4,1.0,2.9,9.8,Bajo
15,0.66,3.84,0.63,1.81,6,3.0,3.5,5.9,7.5,7.3,3.4,3.6,7.0,6.9,5.6,Bajo
22,0.0,6.31,1.24,3.85,5,1.0,2.4,9.9,8.7,7.7,4.2,2.3,1.0,2.3,5.4,Bajo
21,0.36,6.28,0.83,2.51,5,1.1,1.7,8.3,8.2,9.4,7.5,2.2,1.0,2.0,6.0,Bajo
32,1.96,3.47,2.62,4.65,0,7.3,7.3,5.0,7.3,5.3,2.3,6.9,6.8,6.3,3.9,Moderado
22,0.75,5.89,1.29,1.49,5,1.0,1.0,9.7,8.7,10.0,5.8,1.9,1.0,3.5,7.5,Bajo
15,2.29,2.37,2.65,8.4,3,7.3,6.4,5.5,8.1,4.4,4.0,6.3,5.8,5.2,4.4,Moderado
25,0.0,6.02,2.34,2.43,7,2.2,1.0,10.0,9.2,9.5,4.2,1.0,1.0,2.5,7.8,Bajo
42,2.88,3.35,0.7,5.51,4,6.0,6.3,3.5,4.8,3.8,3.3,4.7,6.2,5.1,5.2,Alto
39,0.68,4.47,2.54,5.58,6,3.6,4.7,5.9,6.8,9.0,6.5,4.3,3.5,4.6,7.1,Bajo
39,2.85,1.58,3.86,7.4,2,8.9,9.1,1.7,4.6,4.7,2.3,6.4,7.6,5.4,3.7,Alto
32,1.17,4.1,1.89,4.51,5,3.9,4.1,6.9,6.7,5.2,4.7,4.9,5.1,5.4,5.8,Bajo
37,0.0,6.12,0.0,2.48,9,1.0,1.0,8.1,8.1,10.0,6.7,1.0,1.0,1.4,10.0,Bajo
44,0.4,1.96,2.38,5.08,5,4.2,3.7,6.8,7.9,7.6,5.8,4.4,4.5,5.3,5.9,Bajo
24,0.93,4.66,3.72,6.19,2,5.8,3.8,1.0,6.5,7.6,4.1,4.5,6.2,5.1,5.5,Moderado
17,2.3,4.31,0.7,5.23,3,3.5,3.7,7.3,8.3,6.1,7.9,4.6,3.6,5.4,5.6,Bajo
21,2.57,3.63,2.27,6.73,0,7.1,7.6,3.4,6.0,5.0,3.7,5.6,6.0,5.9,4.6,Alto
42,0.13,4.11,0.89,2.05,3,3.7,3.9,5.9,7.1,6.5,4.0,2.4,2.3,4.9,9.3,Bajo
30,0.56,5.98,0.14,3.9,3,1.3,2.0,10.0,6.8,10.0,7.8,3.3,2.8,3.5,8.4,Bajo
40,0.0,4.27,1.84,4.05,6,3.4,1.0,8.4,9.0,7.7,4.9,1.4,1.3,3.5,6.4,Bajo
30,0.0,3.89,2.57,2.73,7,2.9,3.6,8.1,8.8,6.3,3.7,4.2,3.8,3.0,5.8,Bajo
39,1.38,5.21,3.04,6.94,3,3.0,1.6,5.7,7.2,6.7,2.8,1.4,4.1,3.6,6.7,Bajo
34,5.94,1.71,5.51,12.84,0,8.9,8.8,2.4,4.0,1.8,1.8,9.0,7.6,8.2,1.0,Alto
42,3.58,1.34,4.44,9.73,4,5.7,6.1,3.3,5.9,6.1,1.8,8.8,5.8,8.8,4.8,Alto
31,0.88,4.82,1.77,4.67,2,7.2,5.2,4.8,6.7,5.6,2.0,5.5,4.6,7.1,3.0,Alto
16,2.06,2.75,4.43,7.7,4,7.4,6.6,7.0,6.1,7.2,2.6,5.5,6.2,5.8,5.0,Bajo
15,1.67,3.54,2.59,8.06,5,5.1,5.5,3.9,8.9,6.3,3.1,7.0,3.2,4.8,6.6,Moderado
30,2.2,5.41,3.84,6.54,2,4.7,4.1,6.6,8.4,5.7,4.9,4.9,5.0,4.6,4.7,Moderado
44,1.03,1.76,1.29,4.38,3,3.2,4.2,6.2,5.3,5.0,4.5,5.1,5.2,5.4,6.2,Moderado
26,1.29,2.25,2.3,5.97,3,2.5,5.2,5.6,5.9,8.3,3.7,5.3,4.3,7.3,5.9,Bajo
19,0.0,6.74,1.35,3.39,5,1.3,1.0,8.8,8.9,10.0,7.4,1.0,1.1,1.5,9.9,Bajo
19,1.2,1.93,2.16,5.17,5,1.8,3.8,6.4,6.3,8.5,4.3,3.2,1.0,5.8,7.3,Bajo
41,0.08,2.22,1.51,3.21,5,3.1,2.5,5.4,7.3,8.0,4.6,4.2,4.2,4.9,4.2,Bajo
37,0.88,6.0,3.06,5.13,5,3.7,2.2,9.0,7.5,7.0,3.9,1.1,2.2,4.4,8.9,Bajo
23,0.18,4.2,0.77,2.13,7,3.9,6.0,7.2,7.4,7.8,3.7,5.0,1.0,3.5,4.8,Bajo
23,0.0,5.87,2.78,5.94,3,6.1,3.8,4.5,7.7,7.3,3.9,6.0,3.3,5.3,6.8,Moderado
17,3.13,2.12,3.91,8.6,4,6.7,6.8,2.6,8.1,6.3,3.3,6.8,7.5,5.3,5.1,Alto
33,2.28,3.35,4.89,11.31,4,5.2,7.8,4.8,7.1,6.1,5.2,6.7,5.4,5.9,6.0,Moderado
30,3.55,3.72,2.78,9.0,2,5.3,6.0,6.1,5.4,7.5,3.9,6.9,6.5,6.0,6.5,Alto
30,0.82,3.64,2.98,3.13,5,5.9,8.5,4.6,6.6,5.8,2.3,5.7,6.7,6.7,6.0,Moderado
17,0.59,4.07,1.76,5.23,5,4.0,3.0,6.4,6.7,8.6,2.4,1.9,1.7,3.3,7.5,Bajo
34,2.29,2.77,3.26,7.5,5,3.9,3.4,7.2,8.4,5.8,4.7,4.7,5.4,6.4,4.6,Moderado
38,0.0,6.15,1.34,1.95,5,1.0,1.0,9.0,8.8,9.2,6.6,1.0,1.7,2.2,8.9,Bajo
36,0.0,5.8,3.21,6.51,5,3.7,2.7,5.7,7.6,8.4,5.9,4.5,2.7,4.5,7.7,Bajo
38,1.19,5.31,2.75,5.51,4,3.1,1.3,7.5,7.9,8.3,5.3,3.6,4.6,4.6,7.5,Bajo
15,3.03,1.68,3.53,8.05,0,8.0,7.7,3.5,5.9,4.2,4.9,5.7,6.5,7.3,3.5,Alto
38,0.45,2.64,3.65,6.48,6,6.5,6.5,4.6,7.9,4.9,3.3,6.2,4.9,10.0,5.3,Moderado
34,0.0,4.78,1.26,4.4,6,3.0,1.0,7.6,7.4,10.0,5.7,3.4,1.7,3.3,8.0,Bajo
25,2.68,2.07,3.84,8.64,1,8.1,5.5,6.7,7.4,4.5,4.5,7.5,6.2,6.1,3.2,Alto
31,1.23,3.15,4.21,7.49,2,5.2,8.3,3.6,7.8,5.8,4.2,5.0,5.6,7.4,5.0,Alto
22,1.89,4.91,4.04,7.24,6,4.3,3.4,4.3,6.3,5.3,4.6,4.7,5.0,4.2,6.0,Bajo
18,2.62,3.17,2.84,8.59,2,8.0,6.9,4.9,6.8,4.2,0.8,4.7,6.0,5.5,4.4,Alto
20,0.0,8.47,0.0,2.12,6,1.0,1.0,10.0,9.1,10.0,4.3,1.8,1.0,1.7,8.6,Bajo
22,0.0,8.74,0.25,2.02,8,1.0,1.0,10.0,7.9,10.0,6.7,1.0,1.0,1.5,10.0,Bajo
34,0.0,5.6,2.5,4.15,6,1.7,1.4,9.1,6.6,8.9,5.4,1.7,1.0,4.4,6.6,Bajo
44,1.37,4.54,2.71,7.11,3,7.8,6.3,4.3,6.1,5.6,1.0,4.1,6.6,3.5,5.2,Alto
17,2.59,1.41,5.28,9.61,2,7.2,7.1,3.8,5.9,5.1,2.1,8.0,7.0,7.5,4.0,Alto
30,0.0,4.88,2.06,5.09,6,3.8,1.0,7.0,8.2,8.7,6.3,2.9,1.2,3.5,8.2,Bajo
44,1.12,6.21,1.45,4.09,6,3.1,2.8,8.1,7.3,8.3,4.9,1.0,2.7,4.4,7.5,Bajo
39,1.4,3.32,3.15,7.27,0,3.8,5.2,6.8,8.7,6.2,4.3,6.4,3.3,5.8,5.0,Bajo
17,0.62,6.03,1.57,4.4,5,7.3,2.1,7.1,8.3,6.5,5.5,4.1,1.0,3.1,6.3,Bajo
39,0.55,5.72,2.19,3.78,4,4.0,2.6,5.5,7.8,8.8,2.3,5.1,2.7,4.7,8.9,Bajo
43,1.76,5.22,1.01,4.68,5,4.5,4.8,5.3,6.9,6.5,5.5,5.7,3.6,4.7,7.7,Bajo
32,4.24,1.38,3.75,7.8,1,8.5,6.2,5.4,6.1,6.2,1.3,7.0,8.6,7.6,2.9,Alto
28,3.29,2.46,4.62,9.16,2,8.0,7.6,2.8,7.2,3.5,2.3,7.8,4.9,5.6,3.8,Alto
32,1.64,4.62,3.29,5.35,5,7.6,3.9,6.9,7.8,6.8,3.0,3.9,4.7,3.9,6.3,Alto
16,3.83,1.19,4.78,12.61,4,10.0,10.0,2.8,6.7,3.6,3.6,7.2,7.3,10.0,3.4,Alto
36,3.3,3.25,3.3,7.03,1,5.0,6.4,3.7,6.4,5.4,1.6,7.4,5.1,7.0,5.0,Moderado
17,3.38,3.48,3.81,11.78,3,10.0,8.3,3.0,5.7,5.2,4.7,5.9,7.6,6.9,1.7,Alto
30,1.6,4.38,0.37,4.49,7,2.3,1.8,9.9,6.3,9.0,8.6,3.0,1.6,3.5,7.6,Bajo
43,0.31,3.87,1.64,3.44,6,3.9,3.9,10.0,7.9,8.3,2.5,2.1,2.8,6.6,7.1,Bajo
23,0.0,2.93,2.02,4.82,7,1.8,3.9,6.9,6.1,6.4,3.9,2.4,3.9,3.9,9.7,Bajo
18,0.85,3.71,1.29,3.5,3,6.1,4.9,5.7,7.0,5.3,5.0,3.7,5.1,4.7,9.4,Bajo
15,1.13,4.71,0.81,2.53,6,4.8,4.3,3.8,6.6,4.9,2.4,6.4,2.7,4.1,6.7,Moderado
18,3.21,2.77,3.95,9.24,2,4.3,5.5,3.2,7.0,5.6,3.2,5.8,3.9,5.3,4.6,Moderado
15,4.65,1.85,4.52,11.88,1,10.0,7.0,1.0,6.7,5.5,1.9,9.5,8.0,6.3,3.1,Alto
28,1.93,2.98,3.43,8.64,2,8.3,8.3,4.0,7.7,5.1,2.1,3.8,6.5,6.9,2.6,Alto
35,1.48,3.9,2.54,6.52,4,5.6,2.5,7.0,8.0,9.9,4.7,3.5,2.6,5.6,6.3,Bajo
30,1.39,4.84,1.51,4.38,1,3.2,4.1,6.9,6.3,6.5,5.4,4.0,4.1,6.5,4.1,Moderado
34,4.76,3.99,3.6,11.75,0,10.0,6.5,3.3,5.9,4.0,2.1,8.1,8.7,6.7,3.8,Alto
38,2.25,4.14,4.79,10.2,5,6.4,7.2,5.4,5.7,5.8,1.5,9.0,5.2,3.6,3.1,Alto
22,2.21,1.66,3.5,7.98,0,10.0,8.7,2.2,5.4,3.5,4.0,4.6,8.9,7.9,2.8,Alto
21,0.72,6.52,1.75,5.69,5,4.7,3.0,6.9,7.8,7.6,6.7,4.0,1.1,5.8,6.9,Bajo
17,0.31,5.78,1.12,5.61,3,3.7,1.0,6.9,6.6,5.7,5.4,5.7,2.0,1.9,7.3,Bajo
31,0.0,4.31,1.06,2.52,4,3.5,2.0,5.7,7.1,6.7,3.4,2.5,1.0,3.4,6.8,Bajo
15,1.45,3.67,3.2,5.75,6,4.1,4.1,4.2,6.3,5.2,3.2,3.9,3.3,4.7,7.2,Bajo
30,1.26,6.29,0.0,2.68,6,1.8,2.2,7.3,8.3,9.3,1.7,3.2,2.7,2.2,6.5,Bajo
26,0.99,3.85,2.34,3.97,3,4.4,5.2,2.2,6.5,4.3,2.8,2.5,4.4,3.4,7.5,Moderado
41,2.68,2.81,3.04,8.31,5,5.3,4.7,3.9,4.8,7.6,5.2,5.4,4.1,4.6,4.2,Alto
33,2.76,2.38,5.54,8.68,2,9.4,5.8,4.0,7.5,4.5,1.4,6.2,5.2,6.6,3.5,Alto
36,0.0,5.53,0.0,3.27,8,1.0,1.4,9.8,9.1,10.0,4.7,3.4,2.3,1.0,10.0,Bajo
37,0.17,4.21,0.25,1.75,4,4.5,1.0,7.9,5.8,7.4,6.7,2.4,2.0,4.7,8.6,Bajo
36,2.53,4.13,2.45,8.33,1,6.9,6.2,5.9,7.1,3.7,4.8,5.3,5.1,8.2,5.4,Alto
28,2.12,4.58,3.39,4.95,4,6.3,3.7,4.7,8.2,5.8,3.0,5.9,6.3,5.3,3.7,Alto
44,0.74,4.79,2.67,5.02,4,6.1,5.8,6.8,6.8,7.7,4.7,5.2,3.7,6.0,4.8,Moderado
20,4.18,3.43,2.32,7.21,1,8.9,8.2,2.4,6.2,6.8,1.2,8.1,5.6,5.4,3.8,Alto
20,0.59,4.19,1.59,5.53,5,2.8,1.6,8.4,7.4,8.9,4.7,4.8,1.0,3.1,8.5,Bajo
27,1.22,4.2,3.32,8.22,7,3.5,3.6,7.7,8.0,6.2,2.1,2.3,1.4,3.1,8.9,Bajo
33,0.0,6.39,1.92,1.57,5,4.2,1.0,8.0,8.5,6.9,5.6,4.9,1.0,4.1,7.0,Bajo
36,0.0,6.32,0.65,3.52,4,1.0,1.0,9.5,7.3,8.3,6.3,2.7,1.0,1.0,8.7,Bajo
22,2.62,2.38,2.86,8.55,1,3.9,3.6,6.1,6.3,6.1,2.8,3.8,7.2,4.9,5.1,Bajo
41,0.0,4.79,2.39,4.72,8,3.3,4.5,7.6,7.5,7.1,4.5,2.6,1.5,4.9,9.7,Bajo
41,0.67,5.46,0.5,3.75,7,3.7,3.2,5.6,7.8,7.7,4.6,3.1,1.0,4.0,9.2,Bajo
16,1.13,5.53,1.35,5.0,5,5.3,3.1,8.9,8.0,6.9,3.9,2.4,2.4,4.4,7.5,Bajo
35,1.38,3.08,2.3,6.55,5,5.0,3.8,4.4,6.8,5.1,4.6,6.5,3.9,4.3,7.6,Alto
44,1.4,6.77,1.22,3.52,6,5.6,3.5,6.5,6.8,8.1,4.5,1.9,3.1,1.0,6.8,Bajo
15,1.57,2.26,3.41,8.18,6,6.1,3.7,5.9,7.7,6.7,3.5,5.2,3.8,6.7,6.7,Moderado
42,1.07,3.61,2.33,5.61,2,5.5,4.4,5.9,5.6,4.3,1.3,4.5,3.9,6.7,3.5,Moderado
29,1.42,6.06,1.85,5.41,3,5.7,3.6,6.9,6.8,7.6,4.2,4.0,5.4,6.4,7.0,Bajo
15,1.19,4.99,0.88,4.63,7,3.9,2.5,7.1,7.3,8.3,4.2,6.3,1.3,4.5,7.9,Bajo
19,3.89,4.63,3.06,7.68,1,5.7,5.8,4.2,7.3,3.4,2.5,7.1,4.8,5.8,5.3,Moderado
42,0.71,2.98,3.41,4.57,4,3.3,3.9,5.4,6.8,8.4,4.8,4.9,4.8,7.7,6.8,Bajo
43,3.03,2.88,3.47,8.38,2,6.1,6.4,1.0,6.7,4.9,0.0,7.9,7.8,5.0,2.8,Alto
30,1.33,3.61,3.63,8.5,5,6.4,3.8,4.2,7.9,7.1,2.9,5.7,4.3,6.1,5.8,Alto
33,2.81,1.66,3.45,7.07,3,8.7,8.0,2.1,5.7,3.3,3.2,6.3,4.8,8.3,3.3,Alto
18,2.15,4.19,0.58,4.91,3,8.7,2.9,4.8,6.9,6.3,6.4,8.0,7.1,6.3,5.8,Alto
17,0.0,4.63,1.13,2.41,5,1.1,1.0,10.0,8.1,10.0,3.5,3.4,1.0,2.8,7.0,Bajo
31,1.15,3.91,1.77,4.06,3,5.5,4.8,8.1,7.1,6.7,4.8,3.7,4.7,2.3,5.8,Bajo
31,1.27,4.49,2.55,6.32,4,6.5,4.0,3.2,5.3,7.5,4.9,4.1,4.3,6.7,7.7,Alto
26,3.71,2.9,3.62,10.09,4,6.3,7.4,2.3,6.7,4.8,3.1,6.1,5.2,7.8,1.4,Alto
42,3.49,2.05,3.74,8.44,1,10.0,9.6,1.0,6.1,2.3,0.0,8.8,8.5,9.8,1.6,Alto
44,2.36,4.33,3.49,9.23,7,5.1,3.1,4.7,8.3,7.1,3.9,3.5,4.4,4.2,6.7,Moderado
43,1.79,5.35,2.49,6.7,5,6.5,2.6,5.5,6.7,6.6,0.3,6.0,4.2,4.7,6.3,Alto
28,3.56,2.2,3.1,8.42,4,9.4,4.8,4.7,5.8,4.7,3.0,6.7,4.8,6.4,3.9,Alto
35,1.52,3.6,3.19,7.05,4,6.2,2.7,4.4,6.2,5.7,1.9,3.2,1.7,6.9,4.8,Bajo
20,3.01,2.67,4.16,11.21,1,6.1,9.0,2.4,3.2,4.0,2.7,6.4,6.9,7.5,4.3,Alto
17,0.0,4.49,3.72,6.47,9,2.4,2.1,9.0,7.6,9.6,4.6,3.0,2.1,4.5,9.8,Bajo
42,1.27,2.22,2.97,5.54,4,4.6,5.1,5.6,9.0,5.5,2.1,4.5,4.2,6.0,4.3,Moderado
23,2.28,3.4,3.52,7.78,3,6.7,6.0,4.9,7.7,3.4,3.4,5.4,6.2,5.1,2.6,Alto
19,3.14,3.6,2.9,8.17,5,7.6,7.3,4.1,5.3,3.7,3.0,6.3,6.5,4.5,4.2,Alto
38,1.62,4.93,3.43,7.72,5,4.4,4.7,5.8,6.5,5.4,5.2,3.1,5.0,5.8,6.1,Bajo
43,3.72,3.11,3.7,9.66,1,5.7,5.7,2.9,5.9,7.0,2.5,6.7,3.1,7.4,3.5,Alto
31,1.06,3.6,1.91,6.86,4,3.8,5.9,5.5,8.4,7.1,4.1,3.9,1.8,3.2,4.1,Bajo
28,0.0,5.16,0.83,2.6,6,2.8,3.4,5.9,9.6,7.6,2.9,2.1,1.8,5.4,7.2,Bajo
35,3.1,5.61,0.24,3.62,8,2.8,2.3,9.8,7.7,7.5,7.3,5.1,4.3,1.7,8.7,Bajo
17,0.0,5.85,1.48,3.69,10,2.0,1.0,7.0,8.2,8.9,4.3,1.0,1.0,3.4,9.8,Bajo
42,1.7,5.72,0.67,3.93,5,4.7,2.4,8.1,7.8,8.2,5.6,2.6,2.9,5.2,6.8,Bajo
15,0.7,2.64,4.12,5.32,4,5.3,5.7,3.5,6.8,3.7,4.7,4.4,7.2,6.8,4.7,Bajo
34,1.43,3.53,1.03,3.75,3,6.1,3.4,7.4,7.4,7.2,4.8,2.5,4.1,2.3,7.3,Moderado
43,1.12,4.88,2.52,5.28,2,5.4,5.1,6.9,6.9,5.5,3.4,7.6,5.4,6.6,4.3,Moderado
35,0.85,1.17,2.85,6.84,0,8.8,5.2,5.0,6.6,4.8,2.0,9.7,5.8,6.9,2.0,Alto
37,0.6,4.03,2.02,3.13,5,3.5,2.6,5.7,5.6,8.4,4.5,2.6,4.3,3.7,6.9,Bajo
15,4.5,0.69,4.87,11.72,2,10.0,10.0,1.5,4.9,1.5,0.0,10.0,10.0,10.0,3.4,Alto
17,2.31,1.61,3.7,10.23,4,7.2,7.5,3.7,5.4,3.5,3.1,6.7,6.2,7.4,6.5,Alto
32,1.44,4.03,0.78,4.04,4,6.5,2.9,5.2,7.8,6.5,6.5,6.1,3.5,2.3,4.8,Moderado
39,1.0,4.99,1.52,4.31,6,3.7,2.2,6.5,6.4,8.4,3.9,3.9,4.2,3.1,5.9,Bajo
24,0.24,5.27,2.46,5.43,10,2.2,2.6,9.1,6.3,9.3,5.2,3.0,1.0,4.7,10.0,Bajo
36,1.6,4.83,3.13,7.26,3,4.6,4.4,5.3,5.4,6.1,2.5,6.1,5.3,5.5,5.2,Moderado
40,0.0,7.57,0.0,3.42,4,3.2,1.0,10.0,8.9,9.6,6.9,1.7,1.0,1.5,10.0,Bajo
17,3.0,2.23,4.13,8.96,3,7.5,5.5,2.3,5.3,3.6,1.3,7.2,6.3,6.0,4.8,Alto
22,0.0,9.75,0.0,2.7,10,1.0,1.0,10.0,8.8,10.0,8.7,1.0,1.0,1.0,10.0,Bajo
28,2.03,3.61,1.95,6.7,2,6.7,4.5,5.5,8.4,7.4,5.7,3.7,5.4,6.5,5.4,Moderado
38,0.0,5.05,1.13,2.79,7,2.6,3.4,7.9,8.1,9.7,7.4,1.0,1.0,5.8,7.7,Bajo
32,0.3,4.06,3.36,5.54,5,3.2,1.5,8.3,7.0,7.3,2.7,4.0,1.4,3.4,6.2,Bajo
29,1.17,5.17,0.89,4.04,5,3.0,3.8,5.5,6.3,6.9,5.8,3.6,3.6,5.1,8.0,Bajo
36,4.17,1.59,3.02,7.96,0,9.8,6.8,5.0,6.0,2.2,2.7,8.7,6.0,10.0,1.0,Alto
37,0.0,5.13,1.85,3.46,4,3.8,2.3,5.9,7.7,7.9,4.7,2.3,3.4,1.4,7.9,Bajo
16,3.69,2.79,3.39,10.57,1,8.0,8.5,4.5,6.9,4.0,4.7,5.0,6.1,8.7,6.2,Alto
41,2.06,2.5,4.87,9.96,3,7.0,7.5,3.3,4.0,4.2,3.2,7.2,8.1,7.2,4.5,Alto
24,0.0,6.73,0.0,1.42,7,1.0,1.0,9.8,9.7,10.0,8.9,1.0,1.0,1.1,10.0,Bajo
16,1.23,4.23,3.1,6.31,5,1.0,4.5,7.0,5.9,8.4,2.8,2.2,1.9,3.3,5.2,Bajo
40,4.83,1.96,4.0,11.8,2,7.1,8.5,3.9,5.5,2.8,1.1,7.4,8.4,7.1,2.0,Alto
31,0.0,6.52,1.71,4.16,4,1.7,1.5,9.7,9.2,9.0,5.7,1.1,1.0,1.9,9.9,Bajo
22,3.39,2.39,5.32,11.51,2,7.6,6.2,3.3,4.2,5.1,4.3,6.6,5.0,5.9,3.9,Alto
15,0.52,4.4,2.31,5.37,4,4.6,4.9,6.5,6.9,5.4,4.7,3.1,4.6,5.5,4.8,Bajo
23,0.68,3.18,3.48,6.38,6,8.2,3.5,4.4,6.8,6.8,2.7,4.1,2.0,6.2,6.9,Moderado
25,2.5,3.48,1.96,6.29,6,5.7,5.0,5.6,6.9,7.8,6.6,6.6,5.9,3.9,5.2,Moderado
36,2.24,2.39,3.07,6.11,2,4.3,5.4,5.8,7.1,5.6,3.1,4.6,4.9,4.7,8.4,Alto
30,1.19,6.91,0.1,3.98,6,3.7,3.5,4.9,7.7,5.8,3.8,1.8,1.0,3.7,8.5,Bajo
21,2.03,5.66,1.74,5.54,1,4.9,3.2,6.6,6.0,3.9,3.1,3.2,4.8,3.2,5.4,Bajo
43,0.31,4.19,1.81,2.47,5,4.6,5.2,5.0,6.8,6.2,1.6,5.0,6.2,5.9,6.4,Bajo
24,0.77,5.96,3.9,6.13,5,5.7,5.9,7.3,6.9,6.3,0.4,7.0,4.4,5.0,7.6,Bajo
37,2.17,4.39,4.59,9.61,0,6.4,5.1,5.5,6.7,6.1,3.4,6.9,7.5,3.6,5.3,Moderado
40,0.0,4.62,1.43,1.51,5,4.6,2.7,8.1,9.4,8.4,2.5,2.9,5.2,4.3,6.4,Bajo
17,1.48,3.68,2.36,4.81,2,4.3,5.5,4.4,7.8,3.6,3.7,5.0,5.7,5.4,4.9,Alto
32,2.81,5.22,1.31,6.26,3,6.1,4.6,6.6,8.6,5.3,5.3,2.6,5.5,6.4,5.0,Moderado
39,0.0,4.86,1.18,4.59,6,3.2,1.5,9.9,8.4,9.9,6.5,1.0,2.3,2.1,8.7,Bajo
38,1.38,3.41,1.37,5.74,5,6.1,5.4,5.4,9.0,8.3,4.7,1.1,1.5,3.2,5.3,Moderado
27,0.31,5.39,1.06,4.87,7,1.6,1.0,8.2,6.9,7.8,2.8,3.6,2.5,3.4,8.8,Bajo
42,0.0,4.41,3.22,5.43,5,2.8,1.0,9.4,7.3,6.4,6.4,4.3,1.3,4.9,6.3,Bajo
40,0.0,2.26,1.73,3.52,3,3.9,3.2,8.2,6.8,7.8,7.5,3.1,2.0,6.4,7.6,Bajo
21,2.48,2.08,3.7,9.03,3,7.2,6.0,4.8,6.1,5.5,5.4,6.2,5.4,6.8,4.5,Moderado
39,1.85,4.38,1.93,4.88,5,3.4,2.7,7.7,7.5,6.4,2.8,1.9,2.9,3.2,7.5,Bajo
18,1.27,3.8,1.37,3.66,4,4.6,4.4,6.7,7.0,3.7,3.6,2.6,2.5,5.4,5.0,Moderado
27,1.63,4.01,0.72,3.2,3,5.4,3.2,4.4,7.3,7.1,3.5,4.7,4.5,5.0,6.1,Moderado
34,0.0,6.86,2.21,5.3,6,2.9,1.9,8.2,9.1,7.2,4.3,3.4,2.1,3.5,8.0,Bajo
15,0.51,4.17,3.86,5.54,6,4.9,4.7,4.1,5.9,7.3,4.5,5.9,5.0,4.1,6.2,Bajo
22,2.9,3.33,3.68,9.58,1,5.9,6.7,5.4,5.3,5.1,6.2,8.7,7.2,5.3,2.3,Moderado
28,2.29,2.21,3.27,7.71,4,4.1,5.7,5.2,4.7,4.9,4.0,4.5,3.3,6.4,6.1,Bajo
30,2.66,3.37,2.14,7.9,5,7.8,4.4,4.8,5.9,6.0,2.7,6.7,6.7,7.0,5.4,Alto
28,1.53,2.93,4.79,7.21,1,10.0,9.3,2.7,5.7,3.2,2.9,7.4,7.3,7.2,1.9,Alto
26,1.7,2.15,3.94,7.01,5,8.1,4.9,5.1,6.1,3.9,1.5,5.4,4.7,7.2,4.0,Moderado
33,0.0,5.18,0.0,2.45,7,1.0,1.0,10.0,7.3,8.0,5.2,1.0,1.0,2.4,9.2,Bajo
37,1.6,4.19,3.32,6.49,2,6.9,5.0,6.4,6.9,6.0,5.2,4.9,3.2,4.1,2.7,Bajo
29,0.61,4.13,0.12,1.0,3,2.8,2.4,8.9,7.1,9.5,5.0,3.1,1.2,3.5,8.0,Bajo
42,4.71,1.91,5.03,10.37,2,9.6,9.4,2.4,4.9,3.3,5.0,10.0,5.6,9.9,2.0,Alto
16,2.26,4.1,2.33,5.47,4,5.2,6.2,3.0,6.9,7.9,3.9,5.6,4.9,5.2,5.6,Moderado
16,1.86,6.69,0.68,3.49,7,5.2,6.3,8.9,6.9,9.3,2.8,5.4,1.0,3.2,5.9,Bajo
37,1.68,3.16,3.47,7.83,4,7.6,6.6,3.0,7.6,6.1,0.9,4.6,4.1,6.8,7.3,Alto
36,0.48,5.67,0.82,3.64,4,7.7,5.5,5.3,6.8,8.2,5.4,1.3,5.0,4.8,4.1,Bajo
33,0.43,3.93,1.12,3.72,7,1.0,1.8,8.8,7.9,10.0,4.5,1.0,2.2,2.8,8.7,Bajo
39,2.97,3.2,2.23,9.21,3,8.8,7.2,4.3,6.6,6.4,1.3,5.2,4.4,6.4,5.8,Alto
40,0.38,4.11,0.75,4.3,4,4.7,3.5,5.2,5.5,5.0,3.7,1.9,3.9,3.4,5.4,Bajo
44,3.7,1.9,3.98,10.48,1,8.2,8.3,1.5,7.1,3.7,3.8,8.9,6.6,6.6,3.4,Alto
43,2.01,4.79,2.2,4.71,2,5.1,5.2,6.2,7.8,5.9,3.6,2.6,3.1,2.8,7.0,Moderado
36,3.47,2.2,5.4,10.92,1,10.0,9.6,2.1,5.3,5.3,1.0,8.1,7.2,6.1,1.5,Alto
40,1.47,1.51,1.64,5.41,3,5.8,3.7,6.9,5.7,5.4,5.3,7.8,4.1,6.5,4.4,Moderado
40,2.41,1.34,4.85,8.85,0,7.0,4.6,3.3,5.4,6.8,4.4,5.1,5.9,8.1,4.4,Alto
36,1.09,5.26,0.87,5.67,4,1.4,4.9,5.6,6.1,7.5,7.1,3.2,3.1,3.4,7.5,Bajo
31,2.12,1.97,3.77,7.94,5,5.6,4.4,7.5,5.2,5.8,5.6,6.8,6.1,4.0,4.3,Bajo
34,0.23,6.65,1.88,2.88,9,1.5,1.0,10.0,6.9,9.2,7.7,1.0,2.0,3.4,10.0,Bajo
24,1.11,4.26,2.69,4.81,3,3.8,2.1,9.8,4.7,6.5,3.0,4.6,3.0,6.2,6.8,Bajo
20,0.0,5.46,0.22,4.51,5,1.0,3.1,6.5,7.7,9.5,6.8,2.3,1.0,3.3,9.8,Bajo
29,2.08,5.18,0.0,3.66,5,1.0,2.8,8.6,7.7,8.5,7.2,2.4,2.6,1.3,9.0,Bajo
36,0.48,5.49,0.0,1.0,4,2.3,1.4,8.4,8.8,7.5,7.9,2.2,1.9,4.1,5.8,Bajo
25,3.03,2.1,5.01,9.44,5,8.2,5.2,4.7,7.4,4.8,3.5,4.9,6.2,6.8,4.6,Moderado
42,1.73,4.2,2.06,3.96,7,2.9,4.2,5.8,6.4,9.0,3.4,2.9,4.8,5.8,6.3,Bajo
19,1.69,2.83,1.43,6.03,1,6.0,5.6,7.6,6.8,8.8,2.6,5.3,5.3,5.2,5.6,Moderado
15,1.09,4.36,1.18,2.32,3,5.7,3.7,7.0,8.1,6.2,5.7,3.4,3.7,3.8,6.6,Bajo
22,0.66,3.46,3.75,5.01,0,10.0,6.2,1.6,5.8,5.6,1.7,8.1,4.9,6.4,1.4,Alto
35,0.65,4.16,2.11,4.77,4,6.3,5.9,4.9,7.2,5.5,4.2,6.4,3.8,6.4,6.1,Moderado
42,2.09,4.33,0.83,6.03,3,6.7,5.1,4.0,6.3,5.7,2.4,3.6,3.9,5.9,5.2,Moderado
26,0.0,3.93,2.79,4.72,5,4.2,2.9,7.0,7.4,6.2,4.4,4.2,3.7,2.5,4.5,Bajo
26,3.05,2.67,3.98,7.78,3,7.5,8.0,4.9,6.3,5.7,3.3,9.3,8.2,9.0,4.3,Alto
19,3.62,2.42,5.56,11.37,3,8.7,4.9,3.1,5.8,4.9,2.9,5.9,8.4,8.5,2.3,Alto
21,2.12,3.74,3.6,7.25,2,6.4,5.0,5.7,8.0,7.4,5.2,5.9,5.0,6.9,5.6,Bajo
18,1.22,3.84,0.0,4.35,5,3.9,3.6,5.9,6.6,8.6,2.6,4.0,1.7,5.4,6.8,Bajo
20,0.17,5.35,2.3,5.32,4,3.0,1.0,10.0,8.2,8.4,5.8,2.4,2.3,1.1,6.9,Bajo
27,1.66,3.84,2.84,5.96,8,6.5,1.0,9.3,9.2,7.7,4.3,1.9,2.7,3.9,5.6,Bajo
34,0.0,4.69,0.0,2.78,7,1.0,1.0,10.0,8.8,10.0,5.1,2.5,1.0,2.0,10.0,Bajo
44,0.47,4.3,1.16,3.9,3,3.1,2.5,9.9,6.9,7.7,4.0,1.9,3.1,1.8,7.0,Bajo
29,1.86,4.23,3.27,8.49,3,5.7,5.7,4.6,7.1,5.9,2.2,6.0,4.5,4.2,4.9,Moderado
17,1.53,4.29,1.44,5.7,4,5.0,6.4,4.3,9.2,5.6,4.6,4.3,1.6,5.8,6.2,Moderado
37,4.3,0.19,4.58,11.43,2,10.0,10.0,2.4,5.4,3.9,1.8,9.8,7.7,9.9,1.0,Alto
22,1.91,4.0,3.13,8.37,7,4.3,1.9,6.6,8.0,8.3,5.8,2.6,3.1,7.2,6.2,Bajo
34,1.37,5.19,2.57,5.96,5,4.2,3.1,6.1,7.3,8.8,5.0,2.1,2.9,3.9,6.7,Bajo
30,2.58,2.38,2.9,6.7,2,7.0,5.5,4.0,6.5,5.4,3.0,7.0,5.0,4.8,6.1,Alto
27,0.05,4.7,1.6,3.85,8,1.3,1.0,7.8,8.3,8.7,6.4,1.0,1.0,1.5,8.6,Bajo
32,0.0,7.89,1.32,2.97,7,1.1,2.6,6.7,7.1,8.6,6.8,1.1,1.5,3.5,9.8,Bajo
42,1.61,3.1,3.43,7.64,3,5.0,6.6,4.8,6.9,4.5,0.0,6.5,3.7,5.7,4.7,Moderado
24,1.24,3.05,1.79,5.09,6,5.1,3.2,7.0,6.0,6.5,4.1,2.3,6.7,4.8,5.0,Bajo
44,0.62,4.36,2.32,5.34,3,7.0,4.8,8.2,6.8,8.1,4.7,5.6,2.2,3.9,5.6,Bajo
33,1.03,4.95,0.79,2.62,5,2.6,1.3,9.0,9.4,6.4,7.8,2.8,1.5,4.8,8.8,Bajo
31,1.14,2.19,0.8,4.44,1,4.3,1.8,6.3,6.8,5.4,2.0,5.9,5.0,6.3,6.5,Bajo
38,0.36,4.98,1.41,2.48,7,5.5,1.1,9.3,6.7,7.5,3.2,3.5,1.8,2.6,6.9,Bajo
33,2.35,4.9,2.45,7.76,3,5.2,5.2,6.5,7.2,4.8,0.5,5.3,5.9,4.5,6.3,Bajo
42,0.0,5.04,1.48,4.44,8,3.6,2.6,7.9,7.3,8.8,3.3,1.0,1.4,2.2,7.0,Bajo
40,1.59,2.14,3.53,7.47,3,3.7,6.1,7.6,7.2,6.4,4.0,5.5,2.5,2.5,6.1,Bajo
37,3.35,2.11,3.87,9.54,1,9.5,9.8,3.1,4.5,4.2,0.5,8.9,9.0,7.5,1.6,Alto
40,1.14,5.07,1.71,4.63,5,5.7,5.1,6.8,8.0,6.9,3.4,3.1,1.0,2.2,7.9,Bajo
19,1.78,3.56,3.13,6.31,3,4.9,4.9,4.7,7.2,7.3,4.2,4.1,4.4,5.9,6.8,Bajo
40,1.2,3.64,1.54,4.73,5,4.7,5.1,4.1,6.2,7.0,5.1,4.5,5.1,5.9,5.6,Moderado
35,1.75,6.07,2.83,8.56,6,3.6,6.2,6.7,7.2,3.2,3.8,5.1,1.6,4.9,5.0,Bajo
44,2.46,2.83,2.56,7.25,6,7.0,6.2,5.7,8.4,3.9,3.5,6.2,4.5,6.0,5.1,Moderado
37,1.61,2.6,2.51,4.78,5,4.6,6.4,6.3,6.1,6.5,4.3,7.0,2.6,6.7,5.3,Bajo
23,2.57,3.72,3.54,6.4,2,7.0,4.3,6.6,7.5,6.4,0.9,3.8,4.6,6.4,5.1,Moderado
26,2.36,4.77,1.95,4.87,2,4.8,1.2,5.2,7.5,6.7,4.4,5.0,6.3,7.1,5.9,Moderado
35,0.89,4.42,3.39,5.9,6,5.6,5.5,3.4,7.3,7.9,3.8,4.6,4.5,5.5,7.5,Moderado
15,2.64,1.77,0.33,6.23,3,5.5,4.4,7.1,8.0,7.5,4.2,5.4,3.3,6.4,5.9,Moderado
40,0.0,5.33,0.0,1.0,8,1.5,1.0,10.0,8.0,10.0,5.3,2.8,1.0,2.0,9.8,Bajo
40,6.52,2.26,2.81,12.75,0,10.0,9.3,1.2,5.3,1.0,0.5,10.0,8.2,9.3,3.9,Alto
15,2.21,3.53,2.06,6.46,5,8.5,6.4,2.6,6.6,7.3,3.7,6.7,5.4,7.1,3.6,Alto
29,0.79,3.84,3.38,6.65,6,1.4,3.0,8.3,6.9,7.5,7.6,4.0,2.1,4.0,8.1,Bajo
16,2.36,4.99,2.71,7.53,4,5.3,5.7,4.1,7.3,6.1,1.2,6.2,4.9,4.7,5.9,Alto
44,0.0,6.45,0.43,3.02,9,3.0,1.0,6.7,7.6,10.0,6.5,3.3,2.1,1.7,8.5,Bajo
36,0.92,4.25,2.79,5.29,6,2.8,2.4,7.0,9.0,4.9,6.4,3.2,1.9,4.2,7.0,Bajo
30,0.73,6.51,1.94,2.33,7,1.0,1.7,9.2,7.6,8.9,3.9,1.0,1.0,1.0,7.8,Bajo
39,1.18,6.06,1.23,3.82,3,4.0,4.5,6.0,5.8,7.8,3.8,3.0,3.3,4.5,6.5,Moderado
22,0.0,4.69,3.42,4.53,5,1.4,2.0,9.7,9.1,8.6,6.3,1.1,1.0,1.1,6.8,Bajo
27,1.08,4.13,3.16,6.56,3,1.0,5.0,4.2,6.1,6.9,6.5,5.2,3.8,5.0,7.4,Moderado
35,3.64,5.24,3.58,9.44,1,5.2,7.0,4.7,5.4,6.1,6.4,5.7,6.1,5.2,6.8,Alto
15,0.04,5.56,2.17,3.94,5,1.0,2.5,7.0,7.9,8.2,3.1,3.4,1.0,4.5,7.2,Bajo
30,2.67,3.07,3.16,9.58,5,6.7,4.0,5.4,8.1,6.9,3.4,5.4,2.1,5.8,7.0,Moderado
43,0.0,5.21,1.0,2.36,7,4.2,3.5,8.1,8.3,9.6,5.4,2.7,6.0,3.6,7.3,Bajo
21,3.1,4.81,5.12,8.0,3,6.5,4.5,6.4,6.1,6.3,4.2,5.9,4.3,5.4,5.0,Alto
19,1.25,3.74,1.53,4.9,9,3.6,2.9,7.8,7.6,8.9,5.1,4.1,4.3,5.1,6.5,Bajo
36,2.34,3.1,4.25,9.78,5,7.4,6.6,5.2,6.2,4.0,1.6,5.1,5.6,7.4,5.5,Alto
43,0.0,5.75,0.21,2.5,7,1.0,1.0,9.6,9.8,10.0,4.7,2.0,1.0,1.8,8.7,Bajo
37,0.0,4.47,0.84,2.49,7,4.3,3.3,8.6,7.3,8.9,2.9,1.8,2.7,4.9,8.9,Bajo
17,0.0,5.46,3.29,5.53,5,2.7,2.5,9.6,7.9,9.8,2.3,4.0,1.8,2.9,8.1,Bajo
26,2.62,3.68,2.59,9.05,4,6.5,5.5,8.0,7.0,4.7,1.4,5.1,4.2,5.6,5.6,Bajo
40,2.35,4.03,3.02,6.5,3,7.3,5.9,6.5,5.6,6.8,5.1,5.7,5.1,5.3,3.2,Alto
30,0.97,4.83,3.06,6.07,2,6.3,7.4,5.4,6.6,4.9,4.7,2.9,5.1,5.0,5.5,Bajo
33,0.64,3.29,4.59,7.9,6,4.3,5.0,8.5,7.2,10.0,5.4,4.3,2.1,3.4,5.6,Bajo
19,0.0,7.14,1.87,4.13,8,1.0,1.0,10.0,10.0,10.0,7.0,1.0,1.0,1.1,10.0,Bajo
36,0.0,3.9,3.82,5.57,4,5.0,5.5,5.1,7.1,5.0,3.9,4.8,2.9,5.5,8.3,Bajo
39,2.37,3.34,6.14,10.08,3,7.3,5.7,5.2,6.1,4.7,2.7,6.0,4.2,5.1,2.8,Moderado
43,5.56,1.04,4.24,11.51,0,10.0,10.0,1.0,5.0,2.9,0.0,10.0,10.0,10.0,1.0,Alto
28,0.84,3.49,2.73,6.1,7,3.5,4.2,7.6,7.2,7.7,5.5,4.6,2.0,6.4,6.0,Bajo
42,0.84,6.19,1.91,5.22,5,4.3,4.2,9.6,7.4,9.7,6.1,3.8,3.8,3.1,6.0,Bajo
19,2.3,5.53,1.05,7.45,3,6.0,6.3,6.4,7.6,5.6,1.9,6.7,4.2,4.7,4.4,Moderado
29,0.89,4.83,2.71,4.06,2,5.9,4.6,8.1,8.1,6.4,2.6,3.1,4.1,4.6,8.3,Bajo
31,3.74,3.2,3.28,10.79,4,5.6,10.0,3.0,5.2,3.3,3.0,6.3,6.7,8.8,5.7,Alto
44,1.62,5.02,3.23,6.64,7,3.3,2.4,8.2,8.5,7.3,5.5,3.4,1.0,3.1,6.3,Bajo
28,0.0,5.24,1.86,3.77,4,3.6,5.1,7.4,7.9,5.3,5.4,4.8,3.5,6.8,7.0,Bajo
44,2.36,0.59,2.92,8.15,1,6.3,7.7,3.9,6.3,4.1,5.1,6.9,6.6,5.2,3.2,Alto
34,3.76,3.66,4.34,10.96,6,6.4,5.8,6.3,5.5,4.5,2.0,3.6,3.5,5.7,4.6,Moderado
19,3.15,2.15,3.6,9.9,2,5.8,7.9,4.3,6.4,5.3,2.5,5.4,9.2,4.9,1.3,Alto
26,0.9,4.63,3.23,7.51,4,4.2,4.0,7.8,7.0,9.1,3.0,3.4,4.1,3.1,9.4,Bajo
30,2.94,3.7,4.19,9.08,2,7.8,6.7,2.1,6.6,4.5,1.1,4.9,7.6,6.9,4.9,Alto
40,0.36,5.85,1.27,5.02,7,1.0,1.0,10.0,8.7,8.7,5.4,1.5,1.6,2.5,8.4,Bajo
40,0.0,5.43,0.63,2.0,6,1.6,1.5,9.8,9.3,10.0,8.1,1.2,1.0,3.7,9.4,Bajo
30,3.9,1.19,4.28,9.88,0,6.9,8.0,3.3,5.1,4.2,4.1,6.0,7.5,6.3,3.1,Alto
35,1.29,3.88,2.38,5.48,4,7.7,2.3,5.9,8.9,7.7,3.9,3.9,6.7,5.5,7.1,Moderado
21,2.1,3.66,2.62,6.19,4,8.5,4.8,4.1,7.2,3.7,0.0,6.5,6.8,5.0,3.8,Alto
18,1.44,3.05,2.5,6.0,3,5.3,3.8,4.7,7.6,5.3,4.5,2.9,3.9,6.4,5.6,Moderado
15,1.45,2.0,3.78,8.13,6,4.5,4.3,7.6,8.7,7.4,4.6,3.8,2.6,6.6,5.2,Bajo
44,0.0,7.74,1.71,4.36,7,2.7,1.0,9.9,8.2,8.9,4.2,1.5,1.0,4.0,9.2,Bajo
44,2.36,4.36,3.24,6.98,5,5.9,5.2,7.4,7.9,7.7,5.3,4.1,2.3,6.2,8.7,Moderado
19,2.68,2.28,3.86,7.84,0,8.3,9.2,5.2,6.2,3.0,0.9,6.9,6.4,7.2,3.1,Alto
37,1.69,5.33,0.62,3.45,4,3.9,6.2,6.1,7.7,6.9,5.2,6.2,2.8,5.4,5.5,Moderado
40,2.82,3.39,1.96,6.87,4,6.2,6.5,2.5,7.6,5.9,3.5,7.0,5.2,6.0,4.7,Alto
24,2.45,4.61,2.87,5.74,3,6.5,7.4,5.5,7.5,3.5,1.0,5.0,5.6,6.1,5.1,Moderado
36,0.8,6.36,0.35,2.26,7,3.1,1.4,8.8,6.3,8.3,4.7,1.2,1.0,2.4,7.6,Bajo
19,2.27,1.78,2.83,6.64,2,7.3,6.4,6.3,6.0,2.5,3.2,5.7,4.9,6.8,3.9,Alto
18,1.59,4.81,1.63,6.27,4,5.2,2.3,8.0,8.3,8.8,4.8,5.3,2.6,5.0,6.7,Bajo
16,1.68,6.01,1.71,5.26,3,6.0,5.3,6.7,7.6,5.4,5.9,1.4,2.7,5.7,4.4,Bajo
34,5.0,0.69,6.03,14.04,0,10.0,10.0,1.6,5.5,2.5,3.2,8.8,8.4,9.0,1.4,Alto
24,0.77,2.36,3.04,6.0,3,7.0,5.5,6.1,7.0,5.4,2.9,5.3,5.4,7.1,2.5,Moderado
40,1.08,3.89,2.8,5.4,5,2.1,1.0,3.8,6.5,6.5,5.6,4.7,2.1,3.0,6.6,Bajo
33,2.3,4.82,2.73,6.6,4,6.6,3.5,6.2,7.7,8.6,6.3,5.8,3.3,6.8,4.7,Moderado
40,1.22,4.24,3.95,6.0,5,6.1,3.8,7.2,7.3,5.6,2.4,2.8,4.1,4.8,6.7,Moderado
15,3.25,0.21,5.21,12.86,4,8.4,7.0,2.5,5.9,3.1,1.1,9.3,9.3,5.4,1.9,Alto
38,0.99,4.3,1.95,6.05,2,5.1,3.4,5.4,6.8,5.6,1.5,1.8,2.3,4.6,5.5,Bajo
19,3.54,1.32,6.67,12.82,3,9.9,10.0,2.0,5.7,1.7,0.4,9.7,10.0,9.4,1.0,Alto
27,0.35,5.31,0.75,1.79,7,1.6,2.2,10.0,7.7,8.7,5.9,2.7,1.0,2.9,9.7,Bajo
18,3.28,3.2,2.67,7.5,3,2.8,1.9,6.7,6.7,7.4,0.9,6.5,4.4,2.6,4.8,Bajo
30,0.06,5.19,2.11,3.2,5,2.0,2.0,6.6,9.1,8.1,5.6,3.2,3.7,4.0,6.9,Bajo
38,0.48,5.59,2.49,5.1,5,2.8,3.4,8.6,5.9,6.5,3.9,2.7,1.4,4.3,7.9,Bajo
30,0.9,3.88,2.82,4.79,2,1.6,2.1,8.8,5.9,7.3,4.5,2.3,3.4,3.0,7.8,Bajo
37,0.0,3.1,1.03,2.36,5,2.1,3.1,6.4,8.2,6.1,3.1,4.8,1.3,4.5,6.0,Bajo
16,3.19,1.79,4.94,9.23,2,10.0,8.5,6.2,4.7,4.8,1.8,10.0,9.0,7.8,3.3,Alto
31,3.3,3.19,4.5,9.57,1,8.7,7.4,3.2,4.2,3.3,4.8,6.8,5.1,5.1,1.9,Alto
42,1.31,3.14,2.9,6.28,1,4.7,4.4,6.4,7.6,5.2,2.9,5.3,3.8,6.5,5.5,Moderado
41,1.84,3.02,1.84,5.46,5,3.1,3.7,7.9,8.5,5.0,1.2,5.2,3.2,4.4,6.0,Bajo
34,0.0,5.51,1.01,4.54,8,5.0,1.9,6.5,6.3,7.1,6.6,4.1,3.4,5.7,6.1,Bajo
38,3.19,4.6,3.72,9.72,2,8.1,4.2,3.9,4.9,7.2,3.9,5.8,5.7,5.2,4.6,Alto
26,3.06,3.69,2.14,6.42,3,5.7,5.2,5.5,5.7,6.7,3.8,4.2,5.2,5.2,4.6,Alto
32,1.62,2.55,2.59,6.54,4,6.1,2.7,3.9,6.5,8.1,5.0,3.2,3.0,6.0,8.7,Moderado
17,2.09,3.09,2.94,6.33,6,5.3,3.8,6.0,8.3,5.7,3.5,6.7,3.8,4.8,4.2,Alto
42,2.86,3.17,2.06,6.52,0,7.2,6.8,1.8,6.0,1.8,5.4,5.8,7.6,7.8,2.9,Alto
15,0.95,3.36,1.41,4.84,5,2.9,3.9,6.3,7.9,6.9,5.3,3.7,4.3,6.0,5.2,Bajo
15,0.0,5.45,2.12,4.78,4,2.8,1.6,6.7,8.2,8.2,4.3,3.7,1.8,4.0,7.5,Bajo
43,0.0,4.55,0.65,2.07,5,2.1,1.6,9.4,9.1,10.0,7.8,2.0,1.0,2.6,8.6,Bajo
33,1.82,3.75,2.19,4.9,2,3.5,5.6,2.6,6.3,6.0,6.4,5.5,6.0,4.6,5.9,Moderado
25,3.56,1.39,3.9,9.56,0,10.0,10.0,1.0,5.5,1.7,2.8,8.4,10.0,7.8,3.0,Alto
19,0.0,5.84,0.66,3.09,4,3.5,2.1,7.4,7.6,8.4,5.9,1.8,1.4,3.5,6.1,Bajo
26,3.31,2.78,5.24,9.92,2,8.6,5.2,4.5,6.7,4.1,1.4,5.8,5.5,3.4,5.1,Alto
17,0.74,4.55,0.7,4.26,1,6.3,4.4,7.6,8.6,8.3,5.8,4.0,2.3,3.2,6.2,Bajo
15,1.73,3.72,3.5,7.87,2,4.5,4.0,8.3,9.3,7.2,5.2,3.7,2.8,3.4,7.4,Bajo
15,2.92,3.03,3.08,7.36,3,6.9,5.6,4.3,6.0,3.7,2.9,6.7,6.8,5.4,6.3,Alto
22,1.45,4.02,1.59,6.17,6,2.5,3.9,6.5,7.3,7.6,5.4,2.8,2.1,4.8,5.5,Bajo
24,1.25,2.86,3.13,7.55,8,6.0,5.3,4.1,7.6,5.2,3.8,5.8,3.8,3.7,4.5,Moderado
25,0.73,3.91,2.78,7.58,5,6.2,5.0,5.3,7.4,5.7,4.5,5.3,4.3,6.8,4.3,Moderado
26,0.29,5.11,1.63,5.63,4,1.9,5.0,7.3,9.0,7.2,6.4,4.0,2.9,5.0,6.9,Bajo
43,2.08,2.68,3.61,6.79,0,6.7,4.3,1.5,6.3,5.2,0.9,6.7,6.9,8.2,5.8,Alto
27,1.29,5.0,2.48,6.69,5,4.9,2.6,5.0,6.7,5.0,2.5,4.7,4.2,4.3,4.8,Bajo
26,0.0,5.79,0.9,3.78,4,2.6,1.0,9.4,9.2,9.0,4.3,1.0,3.2,2.9,8.0,Bajo
28,1.01,3.7,2.54,5.21,4,4.1,2.5,8.0,7.9,9.4,8.0,4.1,1.0,4.5,8.9,Bajo
16,0.0,8.77,0.0,2.45,10,1.0,1.0,10.0,9.7,10.0,8.7,1.0,1.0,1.0,10.0,Bajo
43,1.28,4.71,1.64,3.04,4,5.4,5.1,5.1,6.9,5.6,5.0,5.8,3.0,4.4,5.3,Moderado
33,3.18,3.57,3.02,6.29,1,8.6,7.3,1.1,6.9,3.7,4.1,7.0,6.3,7.4,3.3,Alto
32,1.04,5.55,0.39,1.72,3,2.5,2.5,5.3,7.0,8.7,3.7,1.0,2.3,3.0,9.1,Bajo
17,3.67,1.02,3.17,9.23,3,5.8,5.5,4.4,6.2,6.1,0.2,5.6,6.6,4.7,6.8,Alto
37,3.52,4.62,3.44,9.39,4,6.8,6.4,7.1,4.3,7.5,3.4,3.6,4.4,2.9,7.2,Moderado
31,0.0,4.89,0.0,1.73,7,3.1,4.0,7.6,7.0,5.9,6.2,4.3,2.9,2.6,9.1,Bajo
40,3.2,2.66,3.56,10.48,0,6.9,7.1,4.3,6.8,4.1,1.9,7.0,6.8,4.8,2.3,Alto
22,0.69,4.84,1.91,5.59,5,6.0,3.5,5.0,7.2,7.2,2.3,2.7,1.0,3.5,8.7,Bajo
43,4.41,3.72,4.22,9.04,2,8.1,9.2,2.3,4.8,2.8,0.2,9.3,8.2,10.0,1.3,Alto
40,0.0,5.25,0.0,1.83,6,1.3,2.3,8.4,9.4,9.9,4.2,1.2,1.0,1.0,7.1,Bajo
24,0.68,3.78,1.92,3.66,2,4.8,2.9,5.6,7.3,6.7,3.4,4.6,5.0,5.1,6.6,Bajo
40,0.78,3.31,1.44,4.63,3,5.2,5.5,7.3,8.6,5.6,2.4,4.1,5.2,6.2,8.1,Bajo
44,0.65,2.97,2.13,4.74,4,5.1,2.6,5.9,7.8,6.8,4.3,5.8,2.9,3.0,6.9,Bajo
16,0.31,2.16,1.5,2.92,2,3.0,7.7,2.8,6.7,6.0,2.3,5.5,4.3,8.4,4.6,Moderado
33,4.88,0.0,5.57,14.14,0,10.0,10.0,1.0,6.3,1.0,0.9,9.4,10.0,10.0,1.0,Alto
23,2.79,3.93,2.24,7.08,5,6.4,5.4,4.2,6.3,7.0,2.0,4.1,5.6,7.4,5.8,Alto
21,2.7,5.96,2.26,6.55,3,4.9,5.7,4.1,6.0,6.2,4.4,5.1,4.7,5.4,6.1,Alto
18,1.15,7.26,1.7,4.6,7,3.2,1.3,6.9,9.2,9.0,5.3,1.5,5.8,2.6,7.7,Bajo
40,0.0,5.23,0.57,4.18,7,2.1,1.0,10.0,8.9,8.0,6.9,2.3,1.0,1.0,8.7,Bajo
35,2.21,2.44,4.46,9.59,3,8.2,9.4,5.2,7.4,7.1,3.4,5.4,6.6,5.7,3.9,Alto
32,0.0,5.83,1.59,3.43,5,2.9,2.5,4.5,8.2,7.2,5.6,4.6,5.2,4.9,6.9,Bajo
27,3.44,1.57,5.72,10.17,1,10.0,10.0,1.0,6.7,1.2,2.1,9.2,9.8,10.0,1.1,Alto
25,2.16,3.18,4.49,7.82,4,8.9,7.9,4.1,5.9,4.6,3.8,7.8,4.5,4.8,5.6,Alto
43,2.01,3.37,3.12,6.65,4,5.5,6.3,5.0,6.6,4.7,4.0,5.8,5.1,5.5,5.1,Bajo
38,1.21,4.74,2.87,6.59,3,5.8,6.2,4.3,6.5,4.4,2.5,5.5,5.7,5.1,5.0,Alto
18,2.37,2.48,3.32,8.44,0,6.5,6.3,6.2,6.6,5.8,4.8,6.1,4.4,6.2,5.5,Moderado
39,1.12,5.24,2.11,4.51,6,5.0,4.1,8.6,6.1,7.9,3.8,4.6,3.5,3.9,10.0,Bajo
35,0.0,6.27,1.75,4.55,4,1.0,1.0,10.0,8.4,9.9,5.7,1.0,1.2,1.6,8.0,Bajo
43,0.0,4.65,2.74,3.83,4,3.2,3.1,7.5,8.1,7.5,3.4,1.1,2.3,4.8,8.4,Bajo
39,2.58,4.81,3.29,7.26,0,3.0,2.8,6.8,6.4,6.4,2.7,5.9,5.8,4.1,5.7,Moderado
18,0.69,4.75,1.9,3.13,8,3.2,3.3,6.8,6.6,6.2,4.3,2.9,1.7,3.9,7.2,Bajo
24,1.38,4.88,1.56,3.46,7,2.9,2.6,6.5,7.8,8.2,5.2,5.0,1.8,3.7,6.9,Bajo
19,0.6,4.92,2.07,3.76,5,2.9,1.4,5.4,8.2,8.0,3.7,2.3,1.7,2.9,9.7,Bajo
23,2.98,1.27,2.33,7.28,5,9.4,6.7,2.8,5.3,4.0,2.8,6.1,4.1,6.3,4.3,Alto
38,1.7,3.79,4.32,7.02,4,6.8,6.8,4.2,8.6,5.5,3.3,6.9,6.0,5.6,5.4,Alto
17,1.38,4.68,1.0,5.88,4,5.3,6.7,4.0,5.7,6.0,3.0,5.8,6.7,5.8,3.9,Moderado
31,1.02,2.7,3.8,5.88,4,5.9,4.5,3.4,6.1,5.3,6.7,6.2,5.2,6.4,4.1,Alto
17,0.0,4.35,1.64,3.82,5,1.0,2.7,7.8,8.8,8.8,5.9,1.6,1.0,2.5,8.6,Bajo
30,1.06,4.26,1.42,5.8,3,3.1,2.2,8.7,8.4,8.5,5.1,1.5,2.6,4.1,7.3,Bajo
18,1.68,3.59,3.2,6.97,5,6.1,4.4,5.8,7.6,6.8,2.6,4.3,3.7,2.2,5.9,Moderado
32,0.0,5.32,1.91,3.55,5,2.6,1.0,6.9,7.1,10.0,5.4,1.0,3.2,4.3,10.0,Bajo
31,1.05,5.5,1.3,4.5,1,5.5,4.0,5.8,6.5,7.3,4.2,7.2,4.0,6.3,6.4,Moderado
21,0.0,6.88,2.65,4.09,7,1.4,2.1,6.8,7.1,7.0,5.5,1.0,1.0,2.2,7.9,Bajo
38,0.26,6.65,0.92,2.18,7,1.0,1.0,8.2,7.9,8.2,8.1,1.0,1.1,1.3,8.4,Bajo
37,2.57,3.31,5.55,10.74,5,6.5,7.1,2.4,6.8,4.8,0.6,6.8,5.8,6.2,3.7,Alto
44,1.89,1.94,4.32,7.62,3,7.5,5.6,4.5,5.5,3.7,2.2,6.6,5.8,5.7,3.5,Alto
19,1.5,6.37,1.92,6.36,3,3.4,3.8,6.9,5.9,8.1,5.8,2.5,1.4,3.0,6.7,Bajo
26,0.9,5.42,0.29,3.99,4,1.9,1.4,8.8,9.1,9.8,4.5,1.3,3.0,2.8,9.0,Bajo
31,0.0,6.71,0.18,2.35,9,1.1,1.0,10.0,8.4,9.9,4.3,1.0,1.0,2.2,10.0,Bajo
37,4.61,2.6,4.49,12.07,1,10.0,10.0,1.0,6.4,4.6,1.0,7.9,8.9,8.5,3.0,Alto
27,2.62,3.94,4.08,8.15,3,6.3,5.2,6.4,6.6,8.0,5.4,5.2,3.7,8.7,5.9,Moderado
37,0.0,5.82,3.12,5.9,4,4.9,4.0,9.8,7.9,5.4,3.4,2.0,3.5,5.5,7.4,Bajo
39,2.52,4.86,2.59,7.88,6,4.8,5.0,5.5,9.3,5.4,3.9,5.1,3.3,5.3,9.7,Moderado
17,0.0,7.09,2.36,4.05,8,1.2,1.1,7.8,7.3,10.0,6.9,1.0,1.0,2.6,8.8,Bajo
23,2.7,3.77,1.1,5.37,5,8.7,5.8,3.1,5.9,6.4,2.4,5.0,4.3,6.2,4.8,Alto
44,4.0,1.76,4.96,11.29,1,10.0,10.0,2.5,4.8,3.5,0.9,8.1,8.8,9.0,1.0,Alto
31,0.0,4.94,2.97,6.94,4,2.3,1.0,9.8,9.4,7.9,4.0,4.3,4.0,3.9,7.0,Bajo
31,4.33,1.32,5.43,11.53,3,8.0,10.0,3.5,5.3,2.1,0.3,10.0,7.8,10.0,1.0,Alto
44,1.71,2.84,1.05,4.31,4,4.5,6.3,7.3,7.9,7.4,2.4,4.6,2.8,4.5,5.3,Bajo
34,2.78,1.17,5.56,11.52,3,9.4,7.7,3.8,3.5,3.7,1.6,7.1,10.0,7.4,1.4,Alto
30,1.84,4.4,3.57,7.48,5,6.8,6.3,6.0,7.1,7.5,5.2,5.8,3.4,6.9,3.8,Moderado
39,0.95,2.4,3.15,6.97,4,4.2,7.4,6.3,6.5,5.1,6.0,5.1,4.0,5.0,5.6,Bajo
36,3.59,1.57,4.43,11.5,0,9.9,9.8,2.7,7.0,3.2,3.7,10.0,9.5,7.0,3.3,Alto
27,1.44,2.09,5.28,6.8,2,8.1,7.6,3.4,7.0,6.2,3.3,6.0,7.3,5.4,3.6,Alto
41,0.82,3.13,3.32,6.1,4,6.6,3.5,7.5,6.4,6.0,6.0,7.3,1.9,6.5,2.9,Moderado
33,0.0,5.98,0.32,2.09,8,1.2,1.0,10.0,9.8,10.0,9.8,1.0,1.0,4.9,9.8,Bajo
31,0.0,5.25,0.18,1.22,8,1.5,2.6,8.0,9.6,10.0,6.1,1.0,1.0,1.4,9.4,Bajo
18,1.71,2.07,3.72,5.5,5,5.5,6.8,5.9,8.0,5.2,2.0,9.4,4.8,6.6,5.9,Bajo
26,2.9,2.2,4.95,8.26,0,9.2,8.6,5.0,6.7,2.6,4.2,5.7,8.5,7.7,2.0,Alto
43,3.85,2.9,2.68,8.63,6,6.0,4.5,6.3,6.7,5.4,2.0,2.4,3.9,6.6,5.0,Alto
23,1.22,4.01,1.35,4.03,3,3.3,3.4,6.9,7.6,6.3,3.4,1.0,2.1,4.8,5.8,Bajo
33,0.0,6.76,1.99,3.19,8,4.0,2.2,10.0,7.9,7.6,3.1,4.1,1.0,3.3,8.6,Bajo
26,0.0,5.82,0.83,2.92,9,1.5,2.5,7.9,7.7,9.2,6.0,5.5,1.9,4.0,6.5,Bajo
23,2.07,2.54,4.6,7.98,4,5.0,5.7,4.9,6.4,4.0,0.4,4.9,4.7,4.2,5.1,Moderado
21,0.2,6.51,0.91,4.4,3,2.2,3.3,6.2,7.4,10.0,6.5,3.3,3.8,2.7,7.3,Bajo
42,0.0,4.55,0.26,1.64,5,3.3,1.4,4.1,9.6,7.6,7.9,2.9,2.5,3.6,8.0,Bajo
28,2.98,3.46,1.3,7.78,7,2.5,3.7,8.7,7.3,6.3,6.7,2.3,3.9,5.5,5.1,Bajo
34,3.84,1.52,2.84,8.65,2,9.7,9.8,2.0,5.6,2.1,0.4,9.1,7.7,7.0,3.1,Alto
33,2.81,3.3,2.95,7.1,5,7.7,6.8,5.9,5.5,5.7,0.4,7.5,6.4,8.6,3.6,Alto
40,1.09,5.67,2.32,4.69,2,5.9,4.4,4.2,6.7,5.7,2.7,3.6,5.3,6.6,3.4,Moderado
29,0.73,2.25,3.71,7.96,3,5.0,4.6,5.8,7.5,6.2,5.1,5.3,3.6,2.8,6.3,Bajo
30,2.17,1.34,3.93,8.8,3,7.1,4.6,5.5,6.7,4.6,5.1,5.5,5.7,5.8,4.2,Bajo
35,0.9,4.39,2.17,4.3,7,5.2,5.5,4.6,7.0,7.3,5.1,4.0,1.2,3.6,4.1,Moderado
19,1.46,5.02,5.19,8.77,4,5.2,3.2,8.1,7.7,6.3,5.3,2.9,5.0,6.6,7.5,Bajo
17,3.0,3.24,3.0,5.65,0,6.5,6.0,4.3,6.8,5.3,6.7,5.8,7.4,3.6,4.3,Moderado
26,1.26,4.84,2.17,4.1,8,4.3,5.0,7.2,7.8,7.5,3.6,3.4,4.6,5.1,7.0,Bajo
39,0.62,4.18,0.03,1.9,6,3.7,1.0,10.0,8.5,10.0,4.3,3.4,3.0,3.1,8.8,Bajo
34,3.53,1.47,3.86,8.62,3,8.9,7.9,4.1,5.9,4.9,0.5,7.4,6.9,8.4,1.9,Alto
41,0.0,6.18,0.93,4.14,4,1.0,1.0,9.6,8.2,10.0,6.9,1.0,1.0,2.2,10.0,Bajo
35,3.32,4.09,2.83,6.24,2,8.8,7.8,5.5,5.9,3.8,1.9,7.5,5.7,10.0,1.0,Alto
18,2.27,4.0,2.51,5.35,3,6.3,5.1,4.9,7.1,6.0,4.6,5.3,6.3,7.0,4.6,Alto
35,0.98,5.67,1.86,5.29,4,3.4,1.3,8.1,8.7,9.2,4.5,2.3,1.1,1.1,7.3,Bajo
37,1.71,2.9,2.0,5.94,5,6.6,4.9,5.7,6.7,5.6,4.9,5.4,3.6,6.7,5.0,Bajo
30,0.49,4.89,1.34,3.47,2,3.6,2.3,5.3,7.2,8.4,3.9,3.3,3.4,4.5,8.3,Bajo
39,3.32,1.93,4.09,11.47,1,6.0,6.6,2.6,5.7,3.9,2.8,5.4,5.7,8.1,4.8,Alto
21,2.83,4.9,2.01,7.45,5,7.1,5.7,3.7,5.1,5.6,3.0,4.4,6.0,6.0,2.8,Alto
27,3.34,2.48,1.87,8.43,2,5.4,5.0,3.8,5.6,6.3,0.9,5.4,2.8,4.5,3.6,Moderado
35,2.54,2.38,3.42,7.91,2,5.5,6.5,4.1,5.6,4.4,2.9,7.5,5.3,4.8,7.2,Moderado
24,0.52,2.65,3.23,5.21,4,5.9,3.6,7.3,6.5,4.9,5.0,4.1,4.7,6.1,5.6,Moderado
40,4.73,2.15,4.57,10.77,1,8.5,10.0,1.9,6.2,3.0,0.4,7.4,7.2,9.0,1.7,Alto
21,2.63,2.7,3.5,9.06,3,5.5,7.3,3.8,5.2,1.1,5.4,6.0,5.5,6.4,5.1,Alto
28,1.12,6.04,1.72,5.61,5,5.0,4.6,6.3,7.3,7.1,4.6,1.5,4.1,1.0,4.8,Bajo
40,2.7,3.88,4.32,8.81,1,6.3,5.5,7.7,7.2,3.5,2.1,7.5,5.2,7.7,6.1,Alto
19,2.48,2.41,4.08,9.03,2,7.3,5.3,6.5,5.7,8.9,2.1,6.5,5.7,3.8,3.7,Moderado
17,1.03,5.16,2.29,6.28,3,5.7,1.9,6.2,6.7,8.2,6.4,4.9,3.2,7.2,7.1,Moderado
37,0.0,3.13,1.88,3.32,4,4.5,3.1,7.0,6.0,7.2,3.2,4.1,3.3,2.7,6.1,Bajo
43,2.28,1.95,3.75,7.68,2,5.2,7.1,1.8,5.3,5.9,3.0,6.0,8.4,7.1,1.8,Alto
25,2.38,4.13,1.76,6.58,4,2.6,4.6,5.8,8.2,7.4,5.3,4.1,4.7,5.3,6.2,Bajo
25,2.18,2.58,2.61,5.0,0,4.8,6.0,4.7,7.3,4.6,4.5,4.4,3.1,5.9,6.6,Moderado
32,4.85,3.52,3.41,10.73,3,8.0,8.6,4.2,8.0,3.2,1.5,6.8,6.5,7.8,1.0,Alto
29,3.96,3.49,4.93,9.77,0,10.0,10.0,1.0,4.6,3.2,2.2,9.1,8.8,9.5,1.0,Alto
26,0.79,4.28,1.52,5.25,3,4.2,2.2,9.2,8.7,6.3,4.9,4.8,3.2,3.6,8.5,Bajo
23,2.14,3.59,2.8,9.09,6,7.7,4.0,6.4,6.5,7.4,1.7,6.5,4.6,4.4,6.9,Moderado
24,1.14,3.79,3.39,5.84,1,3.4,3.5,4.7,6.5,7.2,5.7,3.6,4.2,4.3,6.4,Bajo
40,1.24,3.34,2.22,4.1,1,5.4,5.2,5.8,9.4,6.0,3.0,4.5,4.2,5.3,6.9,Bajo
26,1.75,3.85,2.06,5.64,7,5.3,7.6,6.2,6.0,6.0,3.3,5.5,2.1,3.5,5.8,Bajo
31,0.51,3.22,2.72,4.96,5,4.2,1.9,7.7,8.8,8.4,5.1,2.3,4.6,4.5,7.1,Bajo
43,0.28,5.71,1.42,4.36,5,4.3,2.3,8.7,7.9,9.7,4.7,2.0,1.1,2.7,9.7,Bajo
20,2.36,3.98,3.89,8.48,2,10.0,10.0,3.6,4.8,3.9,3.0,8.4,8.0,9.0,2.2,Alto
21,3.61,1.32,4.49,9.8,3,6.4,4.9,5.8,5.3,5.4,1.6,5.6,5.6,5.7,4.8,Moderado
28,0.19,3.29,1.52,3.8,5,5.1,4.0,7.9,7.4,8.0,3.6,4.4,2.2,5.0,7.8,Bajo
27,0.37,3.07,0.94,2.2,4,6.2,5.1,4.8,5.7,3.3,5.3,5.4,4.6,6.4,4.3,Alto
22,3.87,2.53,3.62,10.33,1,7.7,8.8,2.0,5.5,5.0,1.8,4.7,6.9,7.9,4.2,Alto
24,0.17,5.76,3.33,7.12,6,3.3,2.1,7.3,5.8,7.8,3.4,1.8,4.0,4.1,7.8,Bajo
23,1.63,4.58,2.39,4.83,3,4.9,4.7,4.9,7.2,5.2,3.9,6.6,1.8,3.7,4.2,Bajo
32,0.0,3.84,0.59,1.02,5,1.9,2.6,8.9,6.6,9.7,6.3,2.3,1.0,4.2,8.4,Bajo
41,1.86,3.46,2.41,5.87,3,3.7,4.1,6.2,7.0,7.4,1.8,1.0,3.4,4.1,4.6,Moderado
40,3.65,2.42,4.13,8.56,5,6.5,5.3,6.9,5.3,4.2,5.7,3.9,7.1,5.8,4.9,Alto
16,0.0,5.16,1.3,2.03,7,2.9,1.9,7.6,8.9,8.6,8.0,3.1,2.5,1.8,7.7,Bajo
19,1.88,4.22,2.9,5.38,6,5.4,1.5,5.1,5.2,6.9,4.4,3.4,1.6,3.8,5.3,Bajo
43,3.11,1.75,3.11,8.02,3,7.1,5.4,5.2,6.2,5.0,2.7,2.9,5.5,8.3,2.3,Alto
19,0.15,2.91,3.69,5.43,3,8.3,7.4,4.9,7.1,7.4,3.3,6.9,6.1,6.2,3.9,Moderado
20,0.0,5.85,1.52,3.9,5,5.1,1.5,7.4,8.1,8.6,6.7,3.1,4.2,2.7,8.0,Bajo
33,0.96,2.96,2.48,4.87,5,5.3,4.8,6.3,5.6,5.7,4.2,4.3,4.4,5.3,4.8,Bajo
22,2.58,3.19,3.32,6.68,3,7.4,6.0,4.5,5.0,4.7,3.7,7.1,3.8,6.0,3.2,Alto
30,1.91,5.58,2.07,5.96,2,7.8,5.6,7.8,7.6,5.3,5.9,3.8,4.6,6.1,5.8,Moderado
27,3.2,4.79,2.21,6.36,3,8.6,8.7,2.6,6.1,5.0,4.4,5.9,6.2,7.1,2.7,Alto
15,0.49,2.49,1.89,4.89,5,4.6,2.5,6.4,6.4,7.0,3.3,2.7,3.3,4.3,8.2,Bajo
36,1.87,3.66,1.62,3.83,4,3.7,5.0,5.3,7.4,5.5,4.8,3.1,5.7,4.6,6.5,Moderado
34,0.0,8.2,1.93,1.77,7,1.8,1.4,10.0,7.3,8.8,7.1,2.7,1.9,2.7,7.9,Bajo
31,0.0,6.24,0.86,1.25,6,1.0,1.9,8.3,7.5,9.5,6.3,1.9,1.3,2.5,10.0,Bajo
21,3.14,3.16,4.7,9.42,2,8.4,6.4,4.9,5.7,5.3,4.0,5.5,7.6,6.3,4.3,Alto
39,0.67,5.29,2.19,4.57,4,4.2,7.1,4.4,6.3,6.6,3.5,5.4,3.7,4.5,4.4,Bajo
27,0.27,4.73,2.02,4.43,7,3.9,3.2,8.1,6.6,8.1,2.7,1.7,1.6,3.6,8.3,Bajo
18,0.21,5.88,0.0,1.65,6,3.7,4.1,7.3,8.0,10.0,8.1,3.2,2.1,3.7,10.0,Bajo
18,2.28,2.88,2.22,5.66,3,5.9,5.4,5.2,7.8,6.5,1.0,6.5,4.2,7.0,5.6,Alto
20,0.0,5.86,0.0,3.43,5,2.0,1.0,9.9,6.8,8.8,8.3,1.0,1.0,3.6,7.9,Bajo
42,3.22,3.33,4.57,10.96,4,7.4,6.8,1.7,6.0,6.2,2.7,7.0,5.1,6.9,2.6,Alto
33,1.63,4.37,2.49,7.11,4,7.0,6.9,5.4,6.5,4.4,5.3,4.3,3.4,3.3,4.7,Alto
43,0.0,5.17,2.37,4.68,5,2.6,1.0,8.3,8.4,8.4,5.8,2.9,2.3,5.4,10.0,Bajo
26,1.52,3.4,0.0,3.91,7,6.0,4.1,6.4,7.8,7.1,5.3,5.4,4.3,5.2,4.3,Bajo
36,4.24,0.0,6.7,12.13,1,10.0,10.0,1.0,5.0,2.5,1.5,10.0,10.0,9.0,1.9,Alto
21,3.02,2.3,3.62,8.78,1,5.6,8.2,2.9,5.6,5.1,1.6,6.3,7.1,7.0,3.6,Alto
41,0.14,5.86,2.01,3.21,5,3.3,1.6,9.2,8.1,7.3,5.2,3.8,2.0,3.1,8.7,Bajo
24,2.02,3.67,2.15,5.12,2,6.6,5.2,6.0,5.0,4.5,2.9,7.4,6.7,5.2,3.1,Alto
40,0.0,4.56,1.61,1.99,8,2.8,2.1,7.5,6.1,9.2,6.7,3.6,1.0,3.3,8.4,Bajo
33,0.51,3.6,0.75,3.67,7,1.5,1.0,10.0,10.0,8.7,5.9,1.1,1.0,2.5,7.5,Bajo
21,1.71,3.93,1.24,5.11,5,4.9,5.6,2.8,6.3,7.7,4.5,5.3,3.0,4.8,5.1,Moderado
44,0.85,4.32,1.84,4.39,6,6.3,6.7,5.2,6.2,5.2,1.8,7.3,6.8,2.9,5.8,Bajo
17,3.26,2.63,2.09,6.91,1,5.9,3.7,2.7,6.9,4.7,1.1,5.8,5.6,6.1,3.1,Alto
27,2.99,1.65,3.71,6.86,4,5.4,6.5,4.8,6.7,3.1,3.1,7.8,6.5,5.1,4.8,Alto
27,2.51,2.87,2.36,7.12,4,6.5,3.3,4.7,7.5,6.7,3.7,5.7,4.3,5.2,5.1,Alto
32,0.11,6.1,0.0,1.8,6,2.7,1.0,7.9,9.0,9.8,4.4,1.0,1.6,2.5,7.9,Bajo
42,1.43,5.31,2.81,7.14,4,4.1,3.8,5.2,5.7,3.9,4.9,3.5,4.8,4.2,5.2,Bajo
44,3.26,2.68,1.3,6.7,4,6.9,5.3,3.0,7.5,5.3,3.8,4.7,4.1,6.1,4.6,Alto
40,1.7,4.57,4.27,8.68,5,7.0,8.2,5.2,7.1,5.2,3.7,5.3,4.9,5.9,5.1,Moderado
34,2.41,4.74,4.67,9.08,2,6.5,6.0,6.9,7.2,7.1,3.8,4.7,4.5,4.7,5.7,Bajo
42,2.1,2.46,1.52,5.8,6,6.0,6.9,7.9,7.1,5.8,1.7,5.4,4.3,4.3,5.1,Moderado
22,0.8,4.91,3.86,7.6,5,6.2,5.1,5.2,4.8,5.0,1.7,6.8,6.3,3.5,5.0,Bajo
43,0.0,6.46,0.88,2.69,7,1.3,1.0,10.0,8.2,10.0,6.9,1.0,1.0,2.1,9.7,Bajo
23,2.9,1.52,3.15,8.52,1,8.4,9.2,5.2,5.3,6.3,1.4,6.5,5.9,6.3,5.5,Alto
21,1.14,5.88,1.94,4.63,6,3.5,4.8,5.6,6.1,6.5,3.0,4.0,2.7,2.8,6.8,Bajo
15,2.07,3.1,3.86,7.8,4,8.9,6.9,3.6,6.1,5.7,3.6,3.7,6.7,7.7,4.5,Alto
17,0.0,4.59,0.15,3.75,9,1.0,1.0,10.0,9.4,10.0,9.8,1.0,1.0,1.5,9.1,Bajo
27,3.84,1.47,1.57,8.05,2,9.5,7.4,2.4,6.1,1.5,1.4,7.6,5.3,6.4,2.3,Alto
42,0.0,4.32,3.42,4.88,8,1.5,2.0,8.6,8.2,10.0,8.5,2.3,2.1,2.2,7.1,Bajo
44,3.55,0.52,5.47,11.45,1,10.0,10.0,1.0,4.8,1.0,0.8,9.3,9.2,10.0,1.0,Alto
39,3.4,1.22,4.57,8.69,0,10.0,8.4,1.1,5.9,4.2,2.3,8.9,9.7,8.4,1.0,Alto
42,0.08,5.2,0.46,2.32,5,1.0,1.8,10.0,7.7,9.7,7.0,1.0,2.2,2.2,8.5,Bajo
31,2.43,2.81,3.13,6.61,3,5.7,5.0,5.0,7.3,5.4,4.6,6.1,5.7,7.3,6.9,Alto
39,1.07,5.02,2.75,6.27,9,1.9,2.1,8.0,8.3,8.3,5.7,1.7,1.0,3.1,8.2,Bajo
38,0.62,5.29,2.12,4.55,5,2.1,1.2,9.1,7.6,8.5,4.4,3.3,1.2,5.4,8.1,Bajo
15,1.37,3.93,2.26,5.91,5,3.8,4.6,5.1,6.7,6.5,6.0,2.0,1.0,3.5,8.3,Bajo
20,1.53,4.69,1.7,6.0,5,5.9,5.2,4.6,6.9,7.3,4.1,6.0,4.8,5.1,4.8,Alto
35,1.57,2.42,2.48,5.59,3,7.4,4.4,8.3,7.0,6.1,3.0,5.2,3.9,5.6,5.1,Alto
20,0.0,5.94,1.35,2.92,7,1.0,1.0,8.3,7.9,10.0,7.6,1.0,1.3,4.1,6.6,Bajo
40,1.95,5.16,3.64,7.55,3,6.2,4.1,5.0,6.3,5.6,4.2,6.5,5.1,6.0,5.4,Bajo
26,1.04,4.05,1.88,4.06,6,3.5,4.5,7.9,6.6,7.0,3.1,3.5,5.8,4.8,6.5,Bajo
27,0.0,6.2,1.61,3.6,5,1.0,1.3,10.0,8.6,10.0,4.9,1.0,1.0,1.0,8.4,Bajo
27,0.0,3.51,0.92,2.96,8,4.8,4.5,5.2,6.5,8.0,7.5,4.6,3.2,3.1,8.2,Bajo
43,4.16,1.66,4.23,10.62,1,9.5,10.0,3.2,5.6,5.7,1.3,9.1,5.6,9.0,1.9,Alto
29,1.4,6.01,2.0,5.82,5,4.8,5.6,9.1,7.8,6.7,5.6,3.1,3.2,5.6,10.0,Bajo
35,0.0,6.77,0.0,1.0,7,1.0,1.2,8.8,8.7,9.7,6.8,1.0,1.2,3.1,10.0,Bajo
30,2.86,3.52,3.27,6.84,1,6.9,5.9,3.9,5.4,5.0,4.1,6.9,6.2,7.3,4.4,Alto
36,0.16,3.08,0.99,1.98,7,3.7,2.5,7.9,7.9,5.4,8.0,4.2,1.0,4.0,10.0,Bajo
35,2.66,3.05,4.13,8.88,3,6.6,2.3,6.5,8.7,5.4,5.2,5.0,4.0,5.9,2.9,Bajo
25,0.23,5.93,1.92,3.86,5,5.4,4.9,4.5,7.7,6.2,5.5,4.7,3.7,4.9,6.0,Bajo
42,3.69,2.47,4.61,8.03,0,10.0,8.9,1.0,5.5,6.5,1.6,6.9,7.2,8.7,2.1,Alto
19,1.11,4.72,1.1,6.16,4,5.9,6.0,6.6,8.3,7.1,3.2,2.3,2.9,4.7,6.1,Bajo
18,0.14,5.43,1.59,1.74,5,2.6,1.0,9.8,9.8,9.2,9.0,2.9,1.0,3.7,8.4,Bajo
17,2.12,3.9,1.62,5.77,6,4.6,4.0,6.5,8.1,5.6,4.5,2.6,2.1,5.3,6.6,Bajo
33,0.0,5.68,0.49,3.06,6,3.5,1.0,7.7,6.3,8.6,5.3,1.0,1.7,1.4,10.0,Bajo
34,1.82,2.7,5.12,8.23,4,5.0,3.9,6.2,7.7,8.0,4.7,4.9,4.6,6.0,6.9,Moderado
39,3.68,0.45,3.92,10.24,1,10.0,6.8,4.5,7.0,6.3,2.2,7.9,7.8,7.9,3.2,Alto
32,3.98,1.89,3.54,8.51,3,8.8,9.1,2.6,4.3,3.4,4.9,7.3,7.9,8.9,4.2,Alto
29,4.76,1.95,5.44,12.37,1,8.7,10.0,2.7,6.4,1.0,2.4,7.0,8.2,10.0,1.0,Alto
23,1.86,1.9,2.21,3.89,3,4.5,5.1,3.5,6.5,4.7,1.5,4.4,4.0,4.6,5.3,Moderado
31,1.36,3.97,3.05,7.58,7,5.3,5.2,4.3,8.1,5.3,2.8,6.7,3.7,5.2,6.0,Moderado
28,0.59,4.1,2.01,4.6,6,1.4,2.2,9.1,7.6,7.4,5.2,1.7,2.5,1.1,6.5,Bajo
29,1.33,2.84,3.01,4.75,6,5.7,4.4,7.6,7.1,7.1,5.2,4.8,4.2,5.0,6.6,Bajo
15,1.48,5.44,4.67,8.78,4,4.7,4.3,7.4,7.4,7.1,1.9,4.5,3.0,5.2,3.8,Bajo
35,2.23,3.18,2.47,8.33,3,8.3,5.8,1.8,7.1,3.7,3.8,4.8,3.8,7.3,7.5,Alto
36,0.34,4.33,2.92,4.32,5,3.1,3.0,7.7,8.2,10.0,6.4,3.9,1.0,3.2,8.1,Bajo
36,1.44,4.13,3.02,6.25,4,6.3,4.4,6.2,6.2,8.7,5.3,4.6,3.6,5.6,4.9,Moderado
17,0.0,4.26,1.84,3.32,6,1.0,3.6,9.2,7.9,7.3,5.8,1.1,1.0,1.5,9.7,Bajo
30,2.82,4.01,3.18,7.23,3,7.6,5.2,2.8,6.8,7.3,5.2,6.5,3.5,5.6,6.1,Alto
37,2.57,4.36,5.05,8.75,0,7.6,6.3,3.0,7.6,5.1,2.0,6.9,7.3,5.4,7.2,Alto
39,0.0,6.45,0.56,1.91,9,1.9,1.2,8.2,8.6,8.3,7.4,3.6,1.3,2.6,10.0,Bajo
25,0.09,7.63,1.66,3.16,5,1.0,2.3,8.6,7.3,7.2,5.5,1.3,3.8,4.4,6.9,Bajo
26,0.0,3.49,2.51,4.15,8,3.6,1.5,6.1,7.1,8.3,5.6,4.5,1.0,2.7,8.1,Bajo
24,2.94,4.32,1.76,6.28,4,6.7,4.7,7.1,7.7,6.2,4.3,4.9,4.0,3.1,5.2,Moderado
30,0.0,4.19,2.1,4.86,7,1.9,1.4,8.7,7.6,9.2,6.7,3.7,1.0,2.9,9.5,Bajo
22,1.72,2.31,3.86,8.25,2,8.1,6.9,1.9,6.7,6.6,0.7,8.4,6.9,8.2,5.1,Alto
20,3.02,3.52,1.7,5.19,4,5.3,4.3,5.4,6.6,5.1,4.8,4.6,7.1,4.6,3.6,Moderado
26,1.68,5.62,1.65,4.73,2,4.4,6.8,2.9,7.9,3.7,4.6,4.7,3.2,7.5,4.8,Alto
38,0.27,5.69,0.82,4.34,8,1.0,2.5,9.1,7.4,9.0,5.5,1.0,1.0,1.6,8.3,Bajo
42,3.28,2.5,4.78,10.36,2,9.8,5.6,1.1,7.4,5.4,2.5,4.7,5.8,6.3,4.6,Alto
35,1.09,4.29,1.07,4.49,4,7.7,4.3,2.5,7.4,5.0,1.9,5.1,4.7,4.0,5.3,Alto
22,0.82,4.7,2.02,5.08,3,2.6,1.1,6.8,7.1,8.5,3.1,4.7,1.0,4.2,8.7,Bajo
40,0.0,7.53,1.85,3.59,5,1.0,1.7,8.2,7.3,9.5,6.1,1.0,2.3,4.6,8.4,Bajo
42,2.32,4.75,1.15,5.43,5,7.4,5.3,6.7,8.8,6.7,4.4,3.5,5.4,5.3,6.0,Moderado
18,1.31,5.34,1.4,4.31,4,2.7,2.2,6.9,6.5,9.2,4.1,4.4,3.7,3.3,7.4,Bajo
40,0.0,2.6,2.65,5.5,5,3.2,6.1,9.6,7.6,6.1,2.6,2.6,1.5,4.9,6.5,Bajo
22,1.38,6.76,2.64,5.63,5,2.9,2.3,7.1,7.8,6.5,5.5,5.3,2.9,4.8,7.7,Bajo
40,2.11,2.55,4.83,8.82,6,5.0,8.0,1.0,6.5,4.1,2.6,5.6,6.6,7.6,6.2,Moderado
42,0.0,6.85,0.0,2.74,9,1.0,1.0,8.6,9.5,10.0,6.0,1.0,1.0,1.0,10.0,Bajo
32,3.08,1.77,3.11,7.86,1,7.5,6.8,1.6,5.2,4.0,4.2,7.1,6.9,9.3,2.7,Alto
42,2.63,1.88,5.15,9.71,2,6.1,6.4,8.4,8.0,5.6,1.3,6.5,7.8,7.0,6.7,Alto
42,1.12,2.57,1.96,4.71,5,7.1,4.0,5.5,6.1,6.0,4.6,6.3,3.6,7.5,5.0,Moderado
19,0.91,4.26,2.86,5.69,2,3.3,2.5,7.7,7.0,6.5,1.9,4.5,3.5,4.9,7.3,Bajo
23,2.3,0.84,5.77,9.74,3,7.2,6.8,5.1,4.9,4.9,0.5,8.5,7.0,7.5,3.3,Alto
18,2.39,3.8,3.21,7.06,2,3.9,3.0,4.4,8.0,8.6,4.8,3.5,4.3,3.8,4.8,Moderado
41,0.07,5.36,3.0,4.37,6,4.1,3.6,4.2,8.9,5.6,3.8,2.4,4.1,5.7,8.0,Bajo
36,3.62,3.38,4.92,10.37,2,6.4,9.6,4.6,8.0,3.3,0.9,4.7,7.0,5.6,3.8,Alto
31,4.88,2.13,5.12,13.02,2,9.7,10.0,1.0,6.6,2.8,2.9,10.0,9.0,8.9,3.6,Alto
23,1.34,4.17,2.32,6.28,6,3.2,1.5,9.2,7.3,10.0,5.7,3.6,1.5,2.8,8.7,Bajo
15,2.09,1.95,2.58,5.09,1,7.6,4.8,5.0,6.7,4.4,0.3,5.0,4.1,5.6,5.7,Alto
35,0.0,6.24,2.57,4.14,7,1.9,1.4,9.0,7.5,8.4,6.7,2.7,1.9,4.5,8.7,Bajo
34,2.01,3.0,3.42,6.79,2,8.0,8.2,5.4,5.6,4.5,1.8,6.8,6.9,5.4,6.4,Alto
27,0.96,4.77,0.24,1.65,6,2.3,1.3,8.0,7.3,8.4,2.4,2.7,2.3,5.0,8.6,Bajo
42,3.14,2.47,3.95,9.37,1,7.4,7.4,3.7,7.0,1.8,1.3,4.8,7.3,6.6,3.2,Alto
30,1.66,4.78,0.23,3.8,5,6.9,4.8,6.6,6.3,5.4,4.1,2.2,3.9,5.0,6.7,Moderado
43,2.65,5.79,3.26,9.94,4,8.6,6.1,6.0,4.9,8.0,4.1,3.3,6.5,7.7,7.7,Alto
27,4.09,3.67,3.9,9.65,1,10.0,8.0,1.0,4.7,3.6,0.0,7.9,7.3,7.9,3.0,Alto
28,0.71,2.47,3.67,5.6,7,3.1,1.6,7.0,8.2,6.9,2.8,1.9,3.2,3.7,6.8,Bajo
17,0.91,2.94,3.67,5.72,3,7.1,6.5,7.5,5.0,5.2,2.0,7.1,4.6,6.3,4.0,Moderado
43,0.05,3.35,2.79,4.39,4,4.4,4.6,7.7,7.0,7.6,3.7,1.7,1.3,3.5,8.2,Bajo
20,2.73,3.62,2.65,7.97,3,8.0,7.0,5.1,5.8,5.0,3.7,6.1,6.5,5.8,3.4,Moderado
32,2.24,2.04,4.97,9.92,0,7.7,7.8,1.1,6.0,1.0,1.2,5.9,9.2,10.0,3.0,Alto
33,0.27,4.9,1.6,6.79,8,4.7,4.0,5.2,7.4,5.7,5.4,3.4,4.2,4.1,6.2,Bajo
19,0.0,6.02,1.4,2.19,6,1.0,1.0,8.8,8.9,9.3,8.3,1.0,1.0,1.0,10.0,Bajo
29,0.52,3.72,0.69,3.3,6,2.3,2.6,5.6,7.3,8.5,5.7,4.4,3.4,3.6,7.5,Bajo
39,5.07,0.46,5.04,11.43,0,10.0,10.0,1.0,4.4,2.1,0.0,9.5,7.3,9.6,3.1,Alto
16,0.57,3.12,0.75,3.67,7,4.1,4.1,7.5,8.2,9.3,4.3,4.2,3.8,3.7,8.8,Bajo
24,4.0,0.79,4.4,11.78,2,10.0,8.6,2.0,4.2,4.3,1.6,9.2,8.4,8.0,2.5,Alto
38,0.38,3.19,3.92,7.16,4,3.4,5.0,8.4,8.1,7.2,4.6,3.8,2.5,3.8,8.8,Bajo
44,0.71,3.66,2.59,4.1,2,3.5,5.3,6.9,8.5,7.6,1.6,2.2,3.5,4.4,6.8,Bajo
32,2.87,2.05,3.25,8.8,0,7.7,7.2,1.3,8.6,6.7,1.9,6.5,5.3,7.3,4.8,Alto
41,3.54,3.67,0.7,4.12,3,6.5,4.3,5.3,5.9,7.0,1.2,7.6,5.6,5.9,3.8,Alto
27,2.2,3.42,2.82,4.63,5,7.3,4.3,1.7,5.9,4.9,1.6,5.8,4.1,9.6,5.1,Alto
19,1.62,4.39,2.98,6.35,1,5.1,6.2,6.3,7.0,5.3,3.6,5.2,3.7,6.3,6.4,Bajo
37,3.54,4.04,3.02,9.17,5,7.5,7.3,2.9,6.3,2.1,1.6,7.2,7.3,6.8,4.7,Alto
38,1.6,2.86,4.89,8.84,4,5.8,8.8,4.4,7.1,2.2,1.6,6.0,4.4,5.1,2.5,Alto
15,4.59,1.96,3.72,12.22,0,7.7,5.7,1.8,6.7,5.0,2.3,7.9,7.4,7.1,1.4,Alto
36,1.63,6.9,2.96,6.7,3,5.3,2.8,8.3,7.1,8.2,4.0,2.8,1.0,4.9,5.8,Bajo
15,1.47,3.77,3.74,7.11,1,7.5,8.2,4.0,6.2,3.8,3.1,7.1,4.7,7.7,4.6,Alto
32,1.12,4.73,1.7,5.98,5,2.9,2.4,6.6,8.2,9.0,4.0,3.2,2.5,1.9,7.8,Bajo
29,0.84,4.26,1.87,4.34,4,6.4,5.3,4.1,6.0,6.5,1.8,4.2,3.9,4.9,7.7,Moderado
31,0.95,4.49,1.31,4.65,4,5.5,3.9,8.7,6.9,6.1,2.7,5.3,2.9,4.1,5.9,Bajo
25,0.48,4.9,2.6,5.53,5,3.7,2.1,6.8,8.2,9.7,4.7,1.0,1.2,5.1,8.1,Bajo
35,0.08,6.04,0.34,1.45,7,2.1,1.0,9.8,7.3,10.0,5.4,1.8,1.7,2.2,8.5,Bajo
40,2.72,3.15,4.25,9.35,3,6.3,7.7,2.3,3.0,4.2,0.4,7.8,8.0,4.3,5.3,Alto
39,0.23,4.05,1.27,5.68,5,4.2,5.4,10.0,8.8,8.4,5.9,2.4,2.0,4.2,6.5,Bajo
36,1.45,2.66,1.15,5.73,3,6.1,4.3,6.7,7.2,7.8,4.8,3.9,3.0,2.2,7.9,Bajo
41,1.01,2.73,2.32,4.49,7,2.8,1.8,6.7,6.4,10.0,4.0,1.9,2.1,4.3,7.1,Bajo
41,0.36,5.17,1.5,6.2,4,2.1,5.6,7.3,8.0,6.8,4.1,3.0,6.1,7.7,8.4,Bajo
31,2.22,2.97,1.59,6.5,6,4.3,2.4,8.0,7.2,6.0,3.0,3.8,3.0,5.8,7.2,Bajo
27,2.65,3.06,2.53,7.6,2,7.9,9.6,4.0,5.2,4.9,3.7,10.0,8.6,7.5,3.8,Alto
15,1.5,3.5,1.42,4.82,7,1.8,1.6,6.8,7.7,7.6,7.8,4.1,3.6,3.2,6.2,Bajo
16,4.09,0.98,4.24,11.01,3,9.5,8.9,3.1,5.8,3.5,1.0,6.9,7.5,9.4,5.3,Alto
23,3.47,2.03,3.35,8.93,4,8.1,9.1,3.5,5.7,4.4,4.5,7.7,5.6,7.7,5.0,Alto
17,0.38,4.72,2.84,5.25,4,2.2,2.3,6.9,6.6,5.4,3.3,4.2,3.9,3.9,7.5,Bajo
15,0.54,2.36,2.97,5.37,3,8.0,5.4,4.3,5.9,6.2,2.8,3.1,3.7,4.9,5.7,Moderado
35,2.16,2.81,6.11,11.24,5,7.0,7.1,3.1,7.3,5.1,5.5,5.2,4.6,4.8,4.2,Alto
30,2.58,3.05,3.77,9.21,3,4.6,3.8,5.0,5.3,4.6,2.8,6.0,6.6,6.9,5.2,Moderado
37,1.96,1.76,1.7,5.51,3,8.1,7.9,4.9,5.6,4.3,3.9,6.5,5.7,6.1,4.1,Alto
20,2.48,5.22,2.47,5.43,3,6.4,4.8,7.3,7.0,6.1,3.4,4.8,3.9,5.5,5.7,Bajo
42,0.22,3.33,1.42,3.67,8,4.6,3.9,8.0,9.0,8.5,2.4,2.8,1.6,4.5,8.9,Bajo
31,1.69,3.08,2.53,5.5,5,5.7,5.0,4.4,6.7,5.3,6.7,4.7,4.5,5.6,5.1,Moderado
19,1.66,5.53,2.34,5.52,4,5.5,2.3,4.6,7.7,8.3,4.0,3.6,4.0,5.4,6.5,Bajo
19,0.0,5.74,0.0,1.88,7,1.0,1.0,10.0,9.0,10.0,7.6,1.0,1.0,1.7,10.0,Bajo
20,1.43,3.46,3.22,5.6,2,5.2,4.8,5.7,7.5,5.7,2.4,6.7,3.2,6.1,4.3,Bajo
17,1.53,4.94,0.0,1.92,5,2.3,2.5,5.1,9.3,6.6,6.1,2.2,1.9,4.6,5.4,Bajo
35,2.7,3.7,3.19,8.18,5,1.7,2.8,8.3,6.9,8.0,5.6,3.3,2.6,4.7,5.9,Bajo
37,0.64,3.92,0.93,3.59,3,5.7,2.1,5.1,7.0,6.1,1.7,4.1,3.6,5.0,6.2,Bajo
19,0.0,6.27,0.68,2.67,4,1.3,1.0,8.9,8.2,9.1,6.1,3.3,1.5,3.4,9.8,Bajo
35,1.95,3.38,1.91,6.37,4,2.0,5.1,6.5,7.4,4.7,5.1,5.6,3.4,7.2,4.8,Bajo
19,2.91,5.11,2.49,6.74,6,4.4,3.5,6.6,7.3,7.6,6.2,2.7,6.6,5.5,10.0,Moderado
24,0.0,5.36,1.44,3.77,5,4.5,2.7,9.6,7.1,10.0,6.0,3.2,3.8,3.3,7.9,Bajo
24,0.81,3.37,2.8,6.94,4,3.5,4.7,6.7,7.0,5.8,5.0,3.4,5.8,4.9,6.1,Bajo
33,0.0,6.99,1.92,3.67,5,1.0,1.0,9.2,10.0,10.0,5.2,1.4,1.0,2.0,7.7,Bajo
